,hitparada,rok,mesic,week,pozice,album,interpret,interpret_hlavni,vydavatel
5128,CZ - ALBUMS CLASSICAL - TOP 10,2017,08,,1,Czech Music Bestsellers,Různí,Různí,Supraphon
5129,CZ - ALBUMS CLASSICAL - TOP 10,2017,08,,2,Bach: The Complete Keyboard Works,Zuzana Růžičková,Zuzana Růžičková,Warner Music
5130,CZ - ALBUMS CLASSICAL - TOP 10,2017,08,,3,Jan Bartoš - Mozart: klavírní koncerty,Čf/Bělohlávek,Čf,Supraphon
5131,CZ - ALBUMS CLASSICAL - TOP 10,2017,08,,4,Score,2Cellos,2Cellos,Sony Music
5132,CZ - ALBUMS CLASSICAL - TOP 10,2017,08,,5,"Symfonie č. 9 Novosvětská, Te Deum",Čf/Neumann,Čf,Supraphon
5133,CZ - ALBUMS CLASSICAL - TOP 10,2017,08,,6,Smetana: Má vlast,Čf/Bělohlávek,Čf,Supraphon
5134,CZ - ALBUMS CLASSICAL - TOP 10,2017,08,,7,Best Of Dvořák,Různí,Různí,Supraphon
5135,CZ - ALBUMS CLASSICAL - TOP 10,2017,08,,8,Meditace & relaxace s klasickou hudbou,Různí,Různí,Supraphon
5136,CZ - ALBUMS CLASSICAL - TOP 10,2017,08,,9,Wanted,Dagmar Pecková,Dagmar Pecková,Supraphon
5137,CZ - ALBUMS CLASSICAL - TOP 10,2017,08,,10,Vivaldianno: Město zrcadel - Live 2015,Svěcený J./Dvořák M.,Svěcený J.,Nan
5138,CZ - ALBUMS CLASSICAL - TOP 10,2017,12,,1,Christmas On The Blue Violin,Pavel Šporcl,Pavel Šporcl,Universal Music
5139,CZ - ALBUMS CLASSICAL - TOP 10,2017,12,,2,Smetana - Má vlast,Orchestr Nd/Krombholc,Orchestr Nd,Supraphon
5140,CZ - ALBUMS CLASSICAL - TOP 10,2017,12,,3,Adam Plachetka: Impossible Dream,Sočr/Netopil,Sočr,Čro
5141,CZ - ALBUMS CLASSICAL - TOP 10,2017,12,,4,X Mas,Štefan Margita,Štefan Margita,Supraphon
5142,CZ - ALBUMS CLASSICAL - TOP 10,2017,12,,5,Zlatá kolekce,Pavel Šporcl,Pavel Šporcl,Supraphon
5143,CZ - ALBUMS CLASSICAL - TOP 10,2017,12,,6,Vánoční koledy,Pražští Madrigalisté & M.Venhoda,Pražští Madrigalisté,Supraphon
5144,CZ - ALBUMS CLASSICAL - TOP 10,2017,12,,7,Bach: Cembalové koncerty,Zuzana Růžičková,Zuzana Růžičková,Supraphon
5145,CZ - ALBUMS CLASSICAL - TOP 10,2017,12,,8,Meditace & relaxace s klasickou hudbou,Různí,Různí,Supraphon
5146,CZ - ALBUMS CLASSICAL - TOP 10,2017,12,,9,Monteverdi,Magdalena Kožená,Magdalena Kožená,Universal Music
5147,CZ - ALBUMS CLASSICAL - TOP 10,2017,12,,10,Score,2Cellos,2Cellos,Sony Music
5644,CZ - ALBUMS CLASSICAL - TOP 10,2018,04,,1,Dvořák: Symfonie č. 9 e moll - Z Nového světa,Čf/Neumann,Čf,Supraphon
5645,CZ - ALBUMS CLASSICAL - TOP 10,2018,04,,2,Hej Romale,Čhavorenge & Ida Kelarová & Čf& M. Ivanovič,Čhavorenge,Supraphon
5646,CZ - ALBUMS CLASSICAL - TOP 10,2018,04,,3,"Symfonie č. 9 Novosvětská, Te Deum",Čf/Neumann,Čf,Supraphon
5647,CZ - ALBUMS CLASSICAL - TOP 10,2018,04,,4,Dvořák: Moravské dvojzpěvy (komplet),Různí,Různí,Supraphon
5648,CZ - ALBUMS CLASSICAL - TOP 10,2018,04,,5,Smetana - Má vlast,Orchestr Nd/Krombholc,Orchestr Nd,Supraphon
5649,CZ - ALBUMS CLASSICAL - TOP 10,2018,04,,6,Dvořák: Skladby pro housle a klavír,Suk J./Hála J.,Suk J.,Supraphon
5650,CZ - ALBUMS CLASSICAL - TOP 10,2018,04,,7,Smetana - Greatest Hits,Různí,Různí,Supraphon
5651,CZ - ALBUMS CLASSICAL - TOP 10,2018,04,,8,Score,2Cellos,2Cellos,Sony Music
5652,CZ - ALBUMS CLASSICAL - TOP 10,2018,04,,9,Adam Plachetka: Impossible Dream,Sočr/Netopil,Sočr,Čro
5653,CZ - ALBUMS CLASSICAL - TOP 10,2018,04,,10,Smetana - smyčcové kvartety,Pavel Haas Quartet,Pavel Haas Quartet,Supraphon
5654,CZ - ALBUMS CLASSICAL - TOP 10,2018,05,,1,Jurkovič: ukolébavky,Hana Blažíková / Tomáš Král,Hana Blažíková,Supraphon
5655,CZ - ALBUMS CLASSICAL - TOP 10,2018,05,,2,Jiří Bělohlávek - Recollection,Různí,Různí,Supraphon
5656,CZ - ALBUMS CLASSICAL - TOP 10,2018,05,,3,Prague Classics / Musical Souvenir from Prague,Různí,Různí,Supraphon
5657,CZ - ALBUMS CLASSICAL - TOP 10,2018,05,,4,Dvořák: Symfonie č. 9 e moll - Z Nového světa,Čf/Neumann,Čf,Supraphon
5658,CZ - ALBUMS CLASSICAL - TOP 10,2018,05,,5,Smetana - Má vlast,Čf/Neumann,Čf,Supraphon
5659,CZ - ALBUMS CLASSICAL - TOP 10,2018,05,,6,Hej Romale,Čhavorenge & Ida Kelarová & Čf& M. Ivanovič,Čhavorenge,Supraphon
5660,CZ - ALBUMS CLASSICAL - TOP 10,2018,05,,7,"Koncerty (Grieg, Ravel, Prokofjev)",Ivan Moravec,Ivan Moravec,Supraphon
5661,CZ - ALBUMS CLASSICAL - TOP 10,2018,05,,8,Smetana - Má vlast,Orchestr Nd/Krombholc,Orchestr Nd,Supraphon
5662,CZ - ALBUMS CLASSICAL - TOP 10,2018,05,,9,Meditace & relaxace s klasickou hudbou,Různí,Různí,Supraphon
5663,CZ - ALBUMS CLASSICAL - TOP 10,2018,05,,10,Adam Plachetka: Impossible Dream,Sočr/Netopil,Sočr,Čro
5664,CZ - ALBUMS CLASSICAL - TOP 10,2018,06,,1,Beethoven: Klavírní sonáty,Jan Bartoš,Jan Bartoš,Supraphon
5665,CZ - ALBUMS CLASSICAL - TOP 10,2018,06,,2,Prague Classics / Musical Souvenir from Prague,Různí,Různí,Supraphon
5666,CZ - ALBUMS CLASSICAL - TOP 10,2018,06,,3,Czech Music Bestsellers,Různí,Různí,Supraphon
5667,CZ - ALBUMS CLASSICAL - TOP 10,2018,06,,4,Dvořák: Symfonie č. 9 e moll - Z Nového světa,Čf/Neumann,Čf,Supraphon
5668,CZ - ALBUMS CLASSICAL - TOP 10,2018,06,,5,"Koncerty (Grieg, Ravel, Prokofjev)",Ivan Moravec,Ivan Moravec,Supraphon
5669,CZ - ALBUMS CLASSICAL - TOP 10,2018,06,,6,Dvořák: Moravské dvojzpěvy (komplet),Různí,Různí,Supraphon
5670,CZ - ALBUMS CLASSICAL - TOP 10,2018,06,,7,Score,2Cellos,2Cellos,Sony Music
5671,CZ - ALBUMS CLASSICAL - TOP 10,2018,06,,8,Má vlast,Čf/Kubelík,Čf,Supraphon
5672,CZ - ALBUMS CLASSICAL - TOP 10,2018,06,,9,Smetana - Má vlast,Orchestr Nd/Krombholc,Orchestr Nd,Supraphon
5673,CZ - ALBUMS CLASSICAL - TOP 10,2018,06,,10,Historie psaná šelakem - Zlatý věk české operety 8,Různí,Různí,Supraphon
5674,CZ - ALBUMS CLASSICAL - TOP 10,2018,07,,1,Best of Czech Classics,Různí,Různí,Supraphon
5675,CZ - ALBUMS CLASSICAL - TOP 10,2018,07,,2,Prague Classics / Musical Souvenir from Prague,Různí,Různí,Supraphon
5676,CZ - ALBUMS CLASSICAL - TOP 10,2018,07,,3,Dvořák: Symfonie č. 9 e moll - Z Nového světa,Čf/Neumann,Čf,Supraphon
5677,CZ - ALBUMS CLASSICAL - TOP 10,2018,07,,4,Score,2Cellos,2Cellos,Sony Music
5678,CZ - ALBUMS CLASSICAL - TOP 10,2018,07,,5,Smetana: Má vlast,Čf/Bělohlávek,Čf,Supraphon
5679,CZ - ALBUMS CLASSICAL - TOP 10,2018,07,,6,Smetana - Má vlast,Orchestr Nd/Krombholc,Orchestr Nd,Supraphon
5680,CZ - ALBUMS CLASSICAL - TOP 10,2018,07,,7,Adam Plachetka: Impossible Dream,Sočr/Netopil,Sočr,Čro
5681,CZ - ALBUMS CLASSICAL - TOP 10,2018,07,,8,Meditace & relaxace s klasickou hudbou,Různí,Různí,Supraphon
5682,CZ - ALBUMS CLASSICAL - TOP 10,2018,07,,9,Beethoven: Klavírní sonáty,Jan Bartoš,Jan Bartoš,Supraphon
5683,CZ - ALBUMS CLASSICAL - TOP 10,2018,07,,10,Czech Music Bestsellers,Různí,Různí,Supraphon
5684,CZ - ALBUMS CLASSICAL - TOP 10,2018,08,,1,Prague Classics / Musical Souvenir from Prague,Různí,Různí,Supraphon
5685,CZ - ALBUMS CLASSICAL - TOP 10,2018,08,,2,Smetana - Má vlast,Orchestr Nd/Krombholc,Orchestr Nd,Supraphon
5686,CZ - ALBUMS CLASSICAL - TOP 10,2018,08,,3,Dvořák: Symfonie č. 9 e moll - Z Nového světa,Čf/Neumann,Čf,Supraphon
5687,CZ - ALBUMS CLASSICAL - TOP 10,2018,08,,4,Meditace & relaxace s klasickou hudbou,Různí,Různí,Supraphon
5688,CZ - ALBUMS CLASSICAL - TOP 10,2018,08,,5,Piano Recital / Janáček - Mozart - Chopin,Miroslav Sekera,Miroslav Sekera,Radioservis
5689,CZ - ALBUMS CLASSICAL - TOP 10,2018,08,,6,Adam Plachetka: Impossible Dream,Sočr/Netopil,Sočr,Čro
5690,CZ - ALBUMS CLASSICAL - TOP 10,2018,08,,7,Score,2Cellos,2Cellos,Sony Music
5691,CZ - ALBUMS CLASSICAL - TOP 10,2018,08,,8,Beethoven: Klavírní sonáty,Jan Bartoš,Jan Bartoš,Supraphon
5692,CZ - ALBUMS CLASSICAL - TOP 10,2018,08,,9,Čajkovskij: Best Of,Různí,Různí,Supraphon
5693,CZ - ALBUMS CLASSICAL - TOP 10,2018,08,,10,Hej Romale,Čhavorenge & Ida Kelarová & Čf& M. Ivanovič,Čhavorenge,Supraphon
5694,CZ - ALBUMS CLASSICAL - TOP 10,2018,09,,1,Prague Classics / Musical Souvenir from Prague,Různí,Různí,Supraphon
5695,CZ - ALBUMS CLASSICAL - TOP 10,2018,09,,2,Má vlast - Bedřich Smetana,Pkf/Jakub Hrůša,Pkf,Supraphon
5696,CZ - ALBUMS CLASSICAL - TOP 10,2018,09,,3,Smetana - Má vlast,Orchestr Nd/Krombholc,Orchestr Nd,Supraphon
5697,CZ - ALBUMS CLASSICAL - TOP 10,2018,09,,4,Christmas On The Blue Violin,Pavel Šporcl,Pavel Šporcl,Universal Music
5698,CZ - ALBUMS CLASSICAL - TOP 10,2018,09,,5,Score,2Cellos,2Cellos,Sony Music
5699,CZ - ALBUMS CLASSICAL - TOP 10,2018,09,,6,"Symfonie č. 9 Novosvětská, Te Deum",Čf/Neumann,Čf,Supraphon
5700,CZ - ALBUMS CLASSICAL - TOP 10,2018,09,,7,"Kalabis: Sonáty pro violoncello, klarinet, housle",Různí,Různí,Supraphon
5701,CZ - ALBUMS CLASSICAL - TOP 10,2018,09,,8,Smetana: Má vlast,Čf/Bělohlávek,Čf,Supraphon
5702,CZ - ALBUMS CLASSICAL - TOP 10,2018,09,,9,Hej Romale,Čhavorenge & Ida Kelarová & Čf& M. Ivanovič,Čhavorenge,Supraphon
5703,CZ - ALBUMS CLASSICAL - TOP 10,2018,09,,10,Meditace & relaxace s klasickou hudbou,Různí,Různí,Supraphon
5704,CZ - ALBUMS CLASSICAL - TOP 10,2018,10,,1,Nativitas - Vánoční písně staré Evropy,Dagmar Pecková,Dagmar Pecková,Supraphon
5705,CZ - ALBUMS CLASSICAL - TOP 10,2018,10,,2,Každý jen tu svou,Kateřina Kněžíková & Adam Plachetka,Kateřina Kněžíková,Radioservis
5706,CZ - ALBUMS CLASSICAL - TOP 10,2018,10,,3,Prague Classics / Musical Souvenir from Prague,Různí,Různí,Supraphon
5707,CZ - ALBUMS CLASSICAL - TOP 10,2018,10,,4,Smetana - Má vlast,Čf/Neumann,Čf,Supraphon
5708,CZ - ALBUMS CLASSICAL - TOP 10,2018,10,,5,Gold Edition 2,Čf/Ančerl,Čf,Supraphon
5709,CZ - ALBUMS CLASSICAL - TOP 10,2018,10,,6,Dvořák: Kvintety,Pavel Haas Quartet,Pavel Haas Quartet,Supraphon
5710,CZ - ALBUMS CLASSICAL - TOP 10,2018,10,,7,Martinů: Čím lidé žijí,Čf/Bělohlávek,Čf,Supraphon
5711,CZ - ALBUMS CLASSICAL - TOP 10,2018,10,,8,Zlatá kolekce,Pavel Šporcl,Pavel Šporcl,Supraphon
5712,CZ - ALBUMS CLASSICAL - TOP 10,2018,10,,9,Meditace & relaxace s klasickou hudbou,Různí,Různí,Supraphon
5713,CZ - ALBUMS CLASSICAL - TOP 10,2018,10,,10,Perličky české klasické hudby,Čf/Neumann,Čf,Supraphon
5714,CZ - ALBUMS CLASSICAL - TOP 10,2018,11,,1,Nativitas - Vánoční písně staré Evropy,Dagmar Pecková,Dagmar Pecková,Supraphon
5715,CZ - ALBUMS CLASSICAL - TOP 10,2018,11,,2,Každý jen tu svou,Kateřina Kněžíková & Adam Plachetka,Kateřina Kněžíková,Radioservis
5716,CZ - ALBUMS CLASSICAL - TOP 10,2018,11,,3,Let There Be Cello,2Cellos,2Cellos,Sony Music
5717,CZ - ALBUMS CLASSICAL - TOP 10,2018,11,,4,Meditace & relaxace s klasickou hudbou,Různí,Různí,Supraphon
5718,CZ - ALBUMS CLASSICAL - TOP 10,2018,11,,5,X Mas,Štefan Margita,Štefan Margita,Supraphon
5719,CZ - ALBUMS CLASSICAL - TOP 10,2018,11,,6,Prague Classics / Musical Souvenir from Prague,Různí,Různí,Supraphon
5720,CZ - ALBUMS CLASSICAL - TOP 10,2018,11,,7,Smetana - Má vlast,Orchestr Nd/Krombholc,Orchestr Nd,Supraphon
5721,CZ - ALBUMS CLASSICAL - TOP 10,2018,11,,8,Christmas On The Blue Violin,Pavel Šporcl,Pavel Šporcl,Universal Music
5722,CZ - ALBUMS CLASSICAL - TOP 10,2018,11,,9,Ave Maria,Různí,Různí,Supraphon
5723,CZ - ALBUMS CLASSICAL - TOP 10,2018,11,,10,Best of Czech Classics,Různí,Různí,Supraphon
5724,CZ - ALBUMS CLASSICAL - TOP 10,2018,12,,1,Nativitas - Vánoční písně staré Evropy,Dagmar Pecková,Dagmar Pecková,Supraphon
5725,CZ - ALBUMS CLASSICAL - TOP 10,2018,12,,2,Christmas On The Blue Violin,Pavel Šporcl,Pavel Šporcl,Universal Music
5726,CZ - ALBUMS CLASSICAL - TOP 10,2018,12,,3,X Mas,Štefan Margita,Štefan Margita,Supraphon
5727,CZ - ALBUMS CLASSICAL - TOP 10,2018,12,,4,Let There Be Cello,2Cellos,2Cellos,Sony Music
5728,CZ - ALBUMS CLASSICAL - TOP 10,2018,12,,5,Každý jen tu svou,Kateřina Kněžíková & Adam Plachetka,Kateřina Kněžíková,Radioservis
5729,CZ - ALBUMS CLASSICAL - TOP 10,2018,12,,6,Bach - Cello suites 1-6,Bárta Jiří/J.S.Bach,Bárta Jiří,Supraphon
5730,CZ - ALBUMS CLASSICAL - TOP 10,2018,12,,7,Score,2Cellos,2Cellos,Sony Music
5731,CZ - ALBUMS CLASSICAL - TOP 10,2018,12,,8,Vánoční koledy,Pražští Madrigalisté & M.Venhoda,Pražští Madrigalisté,Supraphon
5732,CZ - ALBUMS CLASSICAL - TOP 10,2018,12,,9,Dvořák: Symfonie č. 9 e moll - Z Nového světa,Čf/Neumann,Čf,Supraphon
5733,CZ - ALBUMS CLASSICAL - TOP 10,2018,12,,10,Martinů: Čím lidé žijí,Čf/Bělohlávek,Čf,Supraphon
6244,CZ - ALBUMS CLASSICAL - TOP 10,2019,01,,1,Douce Dame Jolie,I Flautisti - The London Recorder Quartet,I Flautisti - The London Recorder Quartet,Supraphon
6245,CZ - ALBUMS CLASSICAL - TOP 10,2019,01,,2,Bach - Cello suites 1-6,Bárta Jiří/J.S.Bach,Bárta Jiří,Supraphon
6246,CZ - ALBUMS CLASSICAL - TOP 10,2019,01,,3,Beethoven: Klavírní sonáty,Jan Bartoš,Jan Bartoš,Supraphon
6247,CZ - ALBUMS CLASSICAL - TOP 10,2019,01,,4,Let There Be Cello,2Cellos,2Cellos,Sony Music
6248,CZ - ALBUMS CLASSICAL - TOP 10,2019,01,,5,Jan Bartoš - Mozart: klavírní koncerty,Čf/Bělohlávek,Čf,Supraphon
6249,CZ - ALBUMS CLASSICAL - TOP 10,2019,01,,6,Nativitas - Vánoční písně staré Evropy,Dagmar Pecková,Dagmar Pecková,Supraphon
6250,CZ - ALBUMS CLASSICAL - TOP 10,2019,01,,7,Christmas On The Blue Violin,Pavel Šporcl,Pavel Šporcl,Universal Music
6251,CZ - ALBUMS CLASSICAL - TOP 10,2019,01,,8,Dvořák: Symfonie č. 9 e moll - Z Nového světa,Čf/Neumann,Čf,Supraphon
6252,CZ - ALBUMS CLASSICAL - TOP 10,2019,01,,9,"Smetana, B. Vltava / Dvořák, A. Symfonie č. 9 e mo",Čf/Ančerl,Čf,Supraphon
6253,CZ - ALBUMS CLASSICAL - TOP 10,2019,01,,10,Smetana - Má vlast,Orchestr Nd/Krombholc,Orchestr Nd,Supraphon
6254,CZ - ALBUMS CLASSICAL - TOP 10,2019,02,,1,"Bach, Messiaen, Pärt, Katt: Organ Works",Katt,Katt,Supraphon
6255,CZ - ALBUMS CLASSICAL - TOP 10,2019,02,,2,Martinů: Písně,Různí,Různí,Supraphon
6256,CZ - ALBUMS CLASSICAL - TOP 10,2019,02,,3,Má vlast,Čf/Kubelík,Čf,Supraphon
6257,CZ - ALBUMS CLASSICAL - TOP 10,2019,02,,4,Bach - Cello suites 1-6,Bárta Jiří/J.S.Bach,Bárta Jiří,Supraphon
6258,CZ - ALBUMS CLASSICAL - TOP 10,2019,02,,5,Best of Classics,Různí,Různí,Supraphon
6259,CZ - ALBUMS CLASSICAL - TOP 10,2019,02,,6,Adam Plachetka: Impossible Dream,Sočr/Netopil,Sočr,Čro
6260,CZ - ALBUMS CLASSICAL - TOP 10,2019,02,,7,Let There Be Cello,2Cellos,2Cellos,Sony Music
6261,CZ - ALBUMS CLASSICAL - TOP 10,2019,02,,8,Nativitas - Vánoční písně staré Evropy,Dagmar Pecková,Dagmar Pecková,Supraphon
6262,CZ - ALBUMS CLASSICAL - TOP 10,2019,02,,9,Dvořák: Kvintety,Pavel Haas Quartet,Pavel Haas Quartet,Supraphon
6263,CZ - ALBUMS CLASSICAL - TOP 10,2019,02,,10,Best Of Chopin,Různí,Různí,Supraphon
6264,CZ - ALBUMS CLASSICAL - TOP 10,2019,03,,1,Má vlast,Čf/Kubelík,Čf,Supraphon
6265,CZ - ALBUMS CLASSICAL - TOP 10,2019,03,,2,Dvořák: Symfonie č. 9 e moll - Z Nového světa,Čf/Neumann,Čf,Supraphon
6266,CZ - ALBUMS CLASSICAL - TOP 10,2019,03,,3,Adam Plachetka: Impossible Dream,Sočr/Netopil,Sočr,Čro
6267,CZ - ALBUMS CLASSICAL - TOP 10,2019,03,,4,Smetana: Má vlast,Čf/Bělohlávek,Čf,Supraphon
6268,CZ - ALBUMS CLASSICAL - TOP 10,2019,03,,5,Let There Be Cello,2Cellos,2Cellos,Sony Music
6269,CZ - ALBUMS CLASSICAL - TOP 10,2019,03,,6,Smetana - Má vlast,Čf/Neumann,Čf,Supraphon
6270,CZ - ALBUMS CLASSICAL - TOP 10,2019,03,,7,"Symfonie č. 9 Novosvětská, Te Deum",Čf/Neumann,Čf,Supraphon
6271,CZ - ALBUMS CLASSICAL - TOP 10,2019,03,,8,"Chopin - Sonáta h moll, Scherza",Ivo Kahánek,Ivo Kahánek,Supraphon
6272,CZ - ALBUMS CLASSICAL - TOP 10,2019,03,,9,Hornové koncerty,Radek Baborák,Radek Baborák,Supraphon
6273,CZ - ALBUMS CLASSICAL - TOP 10,2019,03,,10,Bach - Cello suites 1-6,Bárta Jiří/J.S.Bach,Bárta Jiří,Supraphon
6274,CZ - ALBUMS CLASSICAL - TOP 10,2019,04,,1,Hej Romale,Čhavorenge & Ida Kelarová & Čf& M. Ivanovič,Čhavorenge,Supraphon
6275,CZ - ALBUMS CLASSICAL - TOP 10,2019,04,,2,Má vlast - Bedřich Smetana,Pkf/Jakub Hrůša,Pkf,Supraphon
6276,CZ - ALBUMS CLASSICAL - TOP 10,2019,04,,3,Dvořák: Symfonie č. 9 e moll - Z Nového světa,Čf/Neumann,Čf,Supraphon
6277,CZ - ALBUMS CLASSICAL - TOP 10,2019,04,,4,Kalabis: Kompletní dílo pro klavír,Ivo Kahánek,Ivo Kahánek,Supraphon
6278,CZ - ALBUMS CLASSICAL - TOP 10,2019,04,,5,"Zemlinsky, Rachmaninov, Arensky: Klavírní tria",Smetanovo Trio,Smetanovo Trio,Supraphon
6279,CZ - ALBUMS CLASSICAL - TOP 10,2019,04,,6,Adam Plachetka: Impossible Dream,Sočr/Netopil,Sočr,Čro
6280,CZ - ALBUMS CLASSICAL - TOP 10,2019,04,,7,Smetana - Má vlast,Čf/Neumann,Čf,Supraphon
6281,CZ - ALBUMS CLASSICAL - TOP 10,2019,04,,8,Meditace & relaxace s klasickou hudbou,Různí,Různí,Supraphon
6282,CZ - ALBUMS CLASSICAL - TOP 10,2019,04,,9,Let There Be Cello,2Cellos,2Cellos,Sony Music
6283,CZ - ALBUMS CLASSICAL - TOP 10,2019,04,,10,L. Janáček - Smyčcový kvartet č. 1,Pavel Haas Quartet,Pavel Haas Quartet,Supraphon
6284,CZ - ALBUMS CLASSICAL - TOP 10,2019,05,,1,Bach: Goldbergovské variace,Arundo Quartet,Arundo Quartet,Supraphon
6285,CZ - ALBUMS CLASSICAL - TOP 10,2019,05,,2,Il giardino dei sospiri,Magdalena Kožená,Magdalena Kožená,Pentatone
6286,CZ - ALBUMS CLASSICAL - TOP 10,2019,05,,3,Má vlast,Čf/Kubelík,Čf,Supraphon
6287,CZ - ALBUMS CLASSICAL - TOP 10,2019,05,,4,Smetana - Má vlast,Čf/Neumann,Čf,Supraphon
6288,CZ - ALBUMS CLASSICAL - TOP 10,2019,05,,5,Romantic Moments II,André Rieu,André Rieu,Universal Music
6289,CZ - ALBUMS CLASSICAL - TOP 10,2019,05,,6,Ullmann - Krása - Schulhoff - Haas,Bennewitzovo Kvarteto,Bennewitzovo Kvarteto,Supraphon
6290,CZ - ALBUMS CLASSICAL - TOP 10,2019,05,,7,Dvořák: Symfonie č. 9 e moll - Z Nového světa,Čf/Neumann,Čf,Supraphon
6291,CZ - ALBUMS CLASSICAL - TOP 10,2019,05,,8,Best Of Dvořák,Různí,Různí,Supraphon
6292,CZ - ALBUMS CLASSICAL - TOP 10,2019,05,,9,Adam Plachetka: Impossible Dream,Sočr/Netopil,Sočr,Čro
6293,CZ - ALBUMS CLASSICAL - TOP 10,2019,05,,10,Česká barokní vánoční hudba,Musica Antiqua Praha,Musica Antiqua Praha,Supraphon
6294,CZ - ALBUMS CLASSICAL - TOP 10,2019,06,,1,Janáček: Klavírní dílo,Jan Bartoš,Jan Bartoš,Supraphon
6295,CZ - ALBUMS CLASSICAL - TOP 10,2019,06,,2,Il giardino dei sospiri,Magdalena Kožená,Magdalena Kožená,Pentatone
6296,CZ - ALBUMS CLASSICAL - TOP 10,2019,06,,3,Best Of Dvořák,Různí,Různí,Supraphon
6297,CZ - ALBUMS CLASSICAL - TOP 10,2019,06,,4,Prague-Vienna - Journey in Songs,Různí,Různí,Supraphon
6298,CZ - ALBUMS CLASSICAL - TOP 10,2019,06,,5,Karel Kovařovic - Smyčcové kvartety,Stamicovo Kvarteto,Stamicovo Kvarteto,Supraphon
6299,CZ - ALBUMS CLASSICAL - TOP 10,2019,06,,6,Romantic Moments II,André Rieu,André Rieu,Universal Music
6300,CZ - ALBUMS CLASSICAL - TOP 10,2019,06,,7,Best Of Smetana,Různí,Různí,Supraphon
6301,CZ - ALBUMS CLASSICAL - TOP 10,2019,06,,8,Martinů: Písně,Různí,Různí,Supraphon
6302,CZ - ALBUMS CLASSICAL - TOP 10,2019,06,,9,Dvořák: Symfonie č. 9 e moll - Z Nového světa,Čf/Neumann,Čf,Supraphon
6303,CZ - ALBUMS CLASSICAL - TOP 10,2019,06,,10,Bedřich Smetana : Má vlast,Sočr/Krombholc,Sočr,Multisonic
6304,CZ - ALBUMS CLASSICAL - TOP 10,2019,07,,1,Il giardino dei sospiri,Magdalena Kožená,Magdalena Kožená,Pentatone
6305,CZ - ALBUMS CLASSICAL - TOP 10,2019,07,,2,Smetana: Má vlast - Beethoven: Koncert D dur,Různí,Různí,Supraphon
6306,CZ - ALBUMS CLASSICAL - TOP 10,2019,07,,3,Dvořák: Symfonie č. 9 e moll - Z Nového světa,Čf/Neumann,Čf,Supraphon
6307,CZ - ALBUMS CLASSICAL - TOP 10,2019,07,,4,Smetana: Má vlast,Čf/Bělohlávek,Čf,Supraphon
6308,CZ - ALBUMS CLASSICAL - TOP 10,2019,07,,5,Meditace & relaxace s klasickou hudbou,Různí,Různí,Supraphon
6309,CZ - ALBUMS CLASSICAL - TOP 10,2019,07,,6,Romantic Moments II,André Rieu,André Rieu,Universal Music
6310,CZ - ALBUMS CLASSICAL - TOP 10,2019,07,,7,Love in Venice,Rieu Andre,Rieu Andre,Universal Music
6311,CZ - ALBUMS CLASSICAL - TOP 10,2019,07,,8,Prague Classics / Musical Souvenir from Prague,Různí,Různí,Supraphon
6312,CZ - ALBUMS CLASSICAL - TOP 10,2019,07,,9,Má vlast,Čf/Mackerras,Čf,Supraphon
6313,CZ - ALBUMS CLASSICAL - TOP 10,2019,07,,10,"Symfonie č. 9 Novosvětská, Te Deum",Čf/Neumann,Čf,Supraphon
6314,CZ - ALBUMS CLASSICAL - TOP 10,2019,08,,1,Il giardino dei sospiri,Magdalena Kožená,Magdalena Kožená,Pentatone
6315,CZ - ALBUMS CLASSICAL - TOP 10,2019,08,,2,Dvořák: Symfonie č. 9 e moll - Z Nového světa,Čf/Neumann,Čf,Supraphon
6316,CZ - ALBUMS CLASSICAL - TOP 10,2019,08,,3,Smetana - Má vlast,Čf/Neumann,Čf,Supraphon
6317,CZ - ALBUMS CLASSICAL - TOP 10,2019,08,,4,Romantic Moments II,André Rieu,André Rieu,Universal Music
6318,CZ - ALBUMS CLASSICAL - TOP 10,2019,08,,5,Meditace & relaxace s klasickou hudbou,Různí,Různí,Supraphon
6319,CZ - ALBUMS CLASSICAL - TOP 10,2019,08,,6,Smetana: Má vlast,Čf/Bělohlávek,Čf,Supraphon
6320,CZ - ALBUMS CLASSICAL - TOP 10,2019,08,,7,Adam Plachetka: Impossible Dream,Sočr/Netopil,Sočr,Čro
6321,CZ - ALBUMS CLASSICAL - TOP 10,2019,08,,8,Let There Be Cello,2Cellos,2Cellos,Sony Music
6322,CZ - ALBUMS CLASSICAL - TOP 10,2019,08,,9,Piano & Cello Concert,Bárta Jiří/A.Dvořák,Bárta Jiří,Supraphon
6323,CZ - ALBUMS CLASSICAL - TOP 10,2019,08,,10,Má vlast,Čf/Mackerras,Čf,Supraphon
6324,CZ - ALBUMS CLASSICAL - TOP 10,2019,09,,1,Praga Rosa Bohemiae - hudba renesanční Prahy,Capella Mariana / V. Semerád,Capella Mariana,Supraphon
6325,CZ - ALBUMS CLASSICAL - TOP 10,2019,09,,2,Klasika pro lepší spánek,Různí,Různí,Supraphon
6326,CZ - ALBUMS CLASSICAL - TOP 10,2019,09,,3,Dvořák: Symfonie č. 9 e moll - Z Nového světa,Čf/Neumann,Čf,Supraphon
6327,CZ - ALBUMS CLASSICAL - TOP 10,2019,09,,4,Meditace & relaxace s klasickou hudbou,Různí,Různí,Supraphon
6328,CZ - ALBUMS CLASSICAL - TOP 10,2019,09,,5,Janáček:Zápisník zmizelého-Dvořák:Biblické písně..,V.Přibyl/L.Márová/J.Páleníček/M.Máša,V.Přibyl,Supraphon
6329,CZ - ALBUMS CLASSICAL - TOP 10,2019,09,,6,Smetana - Má vlast,Čf/Neumann,Čf,Supraphon
6330,CZ - ALBUMS CLASSICAL - TOP 10,2019,09,,7,Tchaikovsky: Complete Symphonies and Piano Concert,Čf/Bychkov & Gerstein,Čf,Decca Music Group
6331,CZ - ALBUMS CLASSICAL - TOP 10,2019,09,,8,"Symfonie č. 9 Novosvětská, Te Deum",Čf/Neumann,Čf,Supraphon
6332,CZ - ALBUMS CLASSICAL - TOP 10,2019,09,,9,Janáček: Moravská lidová poesie v písních,Janková / Král / Kahánek,Janková,Supraphon
6333,CZ - ALBUMS CLASSICAL - TOP 10,2019,09,,10,Historie psaná šelakem-Zlatý věk české operety 11,Různí,Různí,Supraphon
6334,CZ - ALBUMS CLASSICAL - TOP 10,2019,10,,1,Bach: Christmas Oratorio - Weihnachtsoratorium,Různí,Různí,Universal Music
6335,CZ - ALBUMS CLASSICAL - TOP 10,2019,10,,2,"Šostakovič: Smyčcové kvartety č. 2, 7, 8",Pavel Haas Quartet,Pavel Haas Quartet,Supraphon
6336,CZ - ALBUMS CLASSICAL - TOP 10,2019,10,,3,Rejcha: Dechové kvintety,Belfiato Quintet,Belfiato Quintet,Supraphon
6337,CZ - ALBUMS CLASSICAL - TOP 10,2019,10,,4,Klasika pro lepší spánek,Různí,Různí,Supraphon
6338,CZ - ALBUMS CLASSICAL - TOP 10,2019,10,,5,Klavírní koncerty,I.Kahánek/Bamberger Symphoniker/J.Průša,I.Kahánek,Supraphon
6339,CZ - ALBUMS CLASSICAL - TOP 10,2019,10,,6,The Magical Gallery,Dagmar Pecková / Darek Král,Dagmar Pecková,Supraphon
6340,CZ - ALBUMS CLASSICAL - TOP 10,2019,10,,7,My Music - My World - The Very Best Of,André Rieu,André Rieu,Universal Music
6341,CZ - ALBUMS CLASSICAL - TOP 10,2019,10,,8,Meditace & relaxace s klasickou hudbou,Různí,Různí,Supraphon
6342,CZ - ALBUMS CLASSICAL - TOP 10,2019,10,,9,"Hurník,Prokofjev: Příběhy jedné kapely, Péťa a vlk",Různí,Různí,Supraphon
6343,CZ - ALBUMS CLASSICAL - TOP 10,2019,10,,10,Dvořák: Symfonie č. 9 e moll - Z Nového světa,Čf/Neumann,Čf,Supraphon
6344,CZ - ALBUMS CLASSICAL - TOP 10,2019,11,,1,Francouzské árie,Petr Nekoranec / Čf/ Christopher Franklin,Petr Nekoranec,Supraphon
6345,CZ - ALBUMS CLASSICAL - TOP 10,2019,11,,2,Happy Days,André Rieu,André Rieu,Universal Music
6346,CZ - ALBUMS CLASSICAL - TOP 10,2019,11,,3,Si Forever (The Diamond Edition),Andrea Bocelli,Andrea Bocelli,Universal Music
6347,CZ - ALBUMS CLASSICAL - TOP 10,2019,11,,4,"Šostakovič: Smyčcové kvartety č. 2, 7, 8",Pavel Haas Quartet,Pavel Haas Quartet,Supraphon
6348,CZ - ALBUMS CLASSICAL - TOP 10,2019,11,,5,My Music - My World - The Very Best Of,André Rieu,André Rieu,Universal Music
6349,CZ - ALBUMS CLASSICAL - TOP 10,2019,11,,6,"Milhaud, Britten, Martinů",Různí,Různí,Panther
6350,CZ - ALBUMS CLASSICAL - TOP 10,2019,11,,7,"Richter: Super flumina Babylonis, Miserere",Různí,Různí,Supraphon
6351,CZ - ALBUMS CLASSICAL - TOP 10,2019,11,,8,Meditace & relaxace s klasickou hudbou,Různí,Různí,Supraphon
6352,CZ - ALBUMS CLASSICAL - TOP 10,2019,11,,9,Nativitas - Vánoční písně staré Evropy,Dagmar Pecková,Dagmar Pecková,Supraphon
6353,CZ - ALBUMS CLASSICAL - TOP 10,2019,11,,10,"Richter: Super flumina Babylonis, Miserere",Czech Ensemble Baroque Choir/R. Válek,Czech Ensemble Baroque Choir,Supraphon
6354,CZ - ALBUMS CLASSICAL - TOP 10,2019,12,,1,Happy Days,André Rieu,André Rieu,Universal Music
6355,CZ - ALBUMS CLASSICAL - TOP 10,2019,12,,2,Si Forever (The Diamond Edition),Andrea Bocelli,Andrea Bocelli,Universal Music
6356,CZ - ALBUMS CLASSICAL - TOP 10,2019,12,,3,Francouzské árie,Petr Nekoranec / Čf/ Christopher Franklin,Petr Nekoranec,Supraphon
6357,CZ - ALBUMS CLASSICAL - TOP 10,2019,12,,4,Christmas On The Blue Violin,Pavel Šporcl,Pavel Šporcl,Universal Music
6358,CZ - ALBUMS CLASSICAL - TOP 10,2019,12,,5,Nativitas - Vánoční písně staré Evropy,Dagmar Pecková,Dagmar Pecková,Supraphon
6359,CZ - ALBUMS CLASSICAL - TOP 10,2019,12,,6,My Music - My World - The Very Best Of,André Rieu,André Rieu,Universal Music
6360,CZ - ALBUMS CLASSICAL - TOP 10,2019,12,,7,Il giardino dei sospiri,Magdalena Kožená,Magdalena Kožená,Pentatone
6361,CZ - ALBUMS CLASSICAL - TOP 10,2019,12,,8,České zpěvy vánoční,Musica Bohemica,Musica Bohemica,Supraphon
6362,CZ - ALBUMS CLASSICAL - TOP 10,2019,12,,9,The Magical Gallery,Dagmar Pecková / Darek Král,Dagmar Pecková,Supraphon
6363,CZ - ALBUMS CLASSICAL - TOP 10,2019,12,,10,"Mozart,Beethoven&Brahms:Koncerty pro housle a orch",David Oistrach,David Oistrach,Supraphon
6874,CZ - ALBUMS CLASSICAL - TOP 10,2020,01,,1,Dvořák & Martinů: Klavírní koncerty,Bamberger Symphoniker/J.Hrůša/I.Kahánek,Bamberger Symphoniker,Supraphon
6875,CZ - ALBUMS CLASSICAL - TOP 10,2020,01,,2,"Šostakovič: Smyčcové kvartety č. 2, 7, 8",Pavel Haas Quartet,Pavel Haas Quartet,Supraphon
6876,CZ - ALBUMS CLASSICAL - TOP 10,2020,01,,3,Happy Days,André Rieu,André Rieu,Universal Music
6877,CZ - ALBUMS CLASSICAL - TOP 10,2020,01,,4,Farinelli,Cecilia Bartoli,Cecilia Bartoli,Universal Music
6878,CZ - ALBUMS CLASSICAL - TOP 10,2020,01,,5,Francouzské árie,Petr Nekoranec / Čf/ Christopher Franklin,Petr Nekoranec,Supraphon
6879,CZ - ALBUMS CLASSICAL - TOP 10,2020,01,,6,Si Forever (The Diamond Edition),Andrea Bocelli,Andrea Bocelli,Universal Music
6880,CZ - ALBUMS CLASSICAL - TOP 10,2020,01,,7,České zpěvy vánoční,Musica Bohemica,Musica Bohemica,Supraphon
6881,CZ - ALBUMS CLASSICAL - TOP 10,2020,01,,8,Orquestrina,Radek Baborák,Radek Baborák,Supraphon
6882,CZ - ALBUMS CLASSICAL - TOP 10,2020,01,,9,The Magical Gallery,Dagmar Pecková / Darek Král,Dagmar Pecková,Supraphon
6883,CZ - ALBUMS CLASSICAL - TOP 10,2020,01,,10,Má vlast - B. Smetana,Čf/Ančerl,Čf,Supraphon
6884,CZ - ALBUMS CLASSICAL - TOP 10,2020,02,,1,Francouzské árie,Petr Nekoranec / Čf/ Christopher Franklin,Petr Nekoranec,Supraphon
6885,CZ - ALBUMS CLASSICAL - TOP 10,2020,02,,2,"Hurník,Prokofjev: Příběhy jedné kapely, Péťa a vlk",Různí,Různí,Supraphon
6886,CZ - ALBUMS CLASSICAL - TOP 10,2020,02,,3,Dvořák & Martinů: Klavírní koncerty,Bamberger Symphoniker/J.Hrůša/I.Kahánek,Bamberger Symphoniker,Supraphon
6887,CZ - ALBUMS CLASSICAL - TOP 10,2020,02,,4,Farinelli,Cecilia Bartoli,Cecilia Bartoli,Universal Music
6888,CZ - ALBUMS CLASSICAL - TOP 10,2020,02,,5,The Magical Gallery,Dagmar Pecková / Darek Král,Dagmar Pecková,Supraphon
6889,CZ - ALBUMS CLASSICAL - TOP 10,2020,02,,6,Beethoven & Ravel: Koncerty pro klavír a orchestr,I.Moravec & Pražská Komorní Filharm./J.Bělohlávek,I.Moravec,Supraphon
6890,CZ - ALBUMS CLASSICAL - TOP 10,2020,02,,7,"Beethoven, L.v. Klavírní sonáty",Ivan Moravec,Ivan Moravec,Supraphon
6891,CZ - ALBUMS CLASSICAL - TOP 10,2020,02,,8,Klavírní koncerty,I.Kahánek/Bamberger Symphoniker/J.Průša,I.Kahánek,Supraphon
6892,CZ - ALBUMS CLASSICAL - TOP 10,2020,02,,9,Best Of Beethoven,Různí,Různí,Supraphon
6893,CZ - ALBUMS CLASSICAL - TOP 10,2020,02,,10,Romantic Moments II,André Rieu,André Rieu,Universal Music
6894,CZ - ALBUMS CLASSICAL - TOP 10,2020,03,,1,Score,2Cellos,2Cellos,Sony Music
6895,CZ - ALBUMS CLASSICAL - TOP 10,2020,03,,2,Francouzské árie,Petr Nekoranec / Čf/ Christopher Franklin,Petr Nekoranec,Supraphon
6896,CZ - ALBUMS CLASSICAL - TOP 10,2020,03,,3,Let There Be Cello,2Cellos,2Cellos,Sony Music
6897,CZ - ALBUMS CLASSICAL - TOP 10,2020,03,,4,Janáček: Klavírní dílo,Jan Bartoš,Jan Bartoš,Supraphon
6898,CZ - ALBUMS CLASSICAL - TOP 10,2020,03,,5,Klasika pro lepší spánek,Různí,Různí,Supraphon
6899,CZ - ALBUMS CLASSICAL - TOP 10,2020,03,,6,Adventní mše Rorate v českých kancionálech,Adventus Domini / Schola Gregoriana Pragensis,Adventus Domini,Supraphon
6900,CZ - ALBUMS CLASSICAL - TOP 10,2020,03,,7,Happy Days,André Rieu,André Rieu,Universal Music
6901,CZ - ALBUMS CLASSICAL - TOP 10,2020,03,,8,Má vlast - B. Smetana,Čf/Ančerl,Čf,Supraphon
6902,CZ - ALBUMS CLASSICAL - TOP 10,2020,03,,9,Ančerl - Gold Edition 2 - Dvořák - Symfonie č. 9,Čf/Ančerl,Čf,Supraphon
6903,CZ - ALBUMS CLASSICAL - TOP 10,2020,03,,10,Dvořák - Symfonie č. 9,Čf/Bělohlávek,Čf,Supraphon
6904,CZ - ALBUMS CLASSICAL - TOP 10,2020,04,,1,Impossible Dream,Adam Plachetka,Adam Plachetka,Radioservis
6905,CZ - ALBUMS CLASSICAL - TOP 10,2020,04,,2,"Chaconne pro princeznu - Händel, Leclair",Jana Semerádová & Erich Traxler,Jana Semerádová,Supraphon
6906,CZ - ALBUMS CLASSICAL - TOP 10,2020,04,,3,"Richter: Super flumina Babylonis, Miserere",Czech Ensemble Baroque Choir/R. Válek,Czech Ensemble Baroque Choir,Supraphon
6907,CZ - ALBUMS CLASSICAL - TOP 10,2020,04,,4,"Hurník,Prokofjev: Příběhy jedné kapely, Péťa a vlk",Různí,Různí,Supraphon
6908,CZ - ALBUMS CLASSICAL - TOP 10,2020,04,,5,Sólo pro krále,Jana Semerádová,Jana Semerádová,Supraphon
6909,CZ - ALBUMS CLASSICAL - TOP 10,2020,04,,6,Score,2Cellos,2Cellos,Sony Music
6910,CZ - ALBUMS CLASSICAL - TOP 10,2020,04,,7,Dvořák & Martinů: Klavírní koncerty,Bamberger Symphoniker/J.Hrůša/I.Kahánek,Bamberger Symphoniker,Supraphon
6911,CZ - ALBUMS CLASSICAL - TOP 10,2020,04,,8,Rejcha: Dechové kvintety,Belfiato Quintet,Belfiato Quintet,Supraphon
6912,CZ - ALBUMS CLASSICAL - TOP 10,2020,04,,9,Janáček: Klavírní dílo,Jan Bartoš,Jan Bartoš,Supraphon
6913,CZ - ALBUMS CLASSICAL - TOP 10,2020,04,,10,"Bach, Messiaen, Pärt, Katt: Organ Works",Katt,Katt,Supraphon
6914,CZ - ALBUMS CLASSICAL - TOP 10,2020,05,,1,Dvořák & Martinů: Klavírní koncerty,Bamberger Symphoniker/J.Hrůša/I.Kahánek,Bamberger Symphoniker,Supraphon
6915,CZ - ALBUMS CLASSICAL - TOP 10,2020,05,,2,Smetana: Libuše (Live 1939),"Čf/Talich, Orchestr Národního Divadla V Praze",Čf,Supraphon
6916,CZ - ALBUMS CLASSICAL - TOP 10,2020,05,,3,Smetana & Liszt: Klavírní dílo,Miroslav Sekera,Miroslav Sekera,Supraphon
6917,CZ - ALBUMS CLASSICAL - TOP 10,2020,05,,4,Klasika pro lepší spánek,Různí,Různí,Supraphon
6918,CZ - ALBUMS CLASSICAL - TOP 10,2020,05,,5,Martinů/Foerster/Novák - Violoncellové koncerty,Pkf/Jakub Hrůša,Pkf,Supraphon
6919,CZ - ALBUMS CLASSICAL - TOP 10,2020,05,,6,"Chaconne pro princeznu - Händel, Leclair",Jana Semerádová & Erich Traxler,Jana Semerádová,Supraphon
6920,CZ - ALBUMS CLASSICAL - TOP 10,2020,05,,7,Franz Schubert: Smyčcový kvartet č. 14 d moll,Pavel Haas Quartet,Pavel Haas Quartet,Supraphon
6921,CZ - ALBUMS CLASSICAL - TOP 10,2020,05,,8,Love in Venice,Rieu Andre,Rieu Andre,Universal Music
6922,CZ - ALBUMS CLASSICAL - TOP 10,2020,05,,9,Klavírní koncerty,I.Kahánek/Bamberger Symphoniker/J.Průša,I.Kahánek,Supraphon
6923,CZ - ALBUMS CLASSICAL - TOP 10,2020,05,,10,Smetana - Má vlast,Čf/Neumann,Čf,Supraphon
6924,CZ - ALBUMS CLASSICAL - TOP 10,2020,06,,1,Best of Czech Classics,Různí,Různí,Supraphon
6925,CZ - ALBUMS CLASSICAL - TOP 10,2020,06,,2,Codex Jacobides / Praga circa 1600,Jan Čižmár,Jan Čižmár,Supraphon
6926,CZ - ALBUMS CLASSICAL - TOP 10,2020,06,,3,Dvořák & Martinů: Klavírní koncerty,Bamberger Symphoniker/J.Hrůša/I.Kahánek,Bamberger Symphoniker,Supraphon
6927,CZ - ALBUMS CLASSICAL - TOP 10,2020,06,,4,Dvořák - Symfonie č. 9,Čf/Bělohlávek,Čf,Supraphon
6928,CZ - ALBUMS CLASSICAL - TOP 10,2020,06,,5,Slovanské tance/A. Dvořák,Čf/Mackerras,Čf,Supraphon
6929,CZ - ALBUMS CLASSICAL - TOP 10,2020,06,,6,Smetana : Prodaná nevěsta - highlights,Pfs/Veselka & Čf/Košler,Pfs,Supraphon
6930,CZ - ALBUMS CLASSICAL - TOP 10,2020,06,,7,Má vlast - Bedřich Smetana,Pkf/Jakub Hrůša,Pkf,Supraphon
6931,CZ - ALBUMS CLASSICAL - TOP 10,2020,06,,8,Best Of Smetana,Různí,Různí,Supraphon
6932,CZ - ALBUMS CLASSICAL - TOP 10,2020,06,,9,Smetana: Libuše (Live 1939),"Čf/Talich, Orchestr Národního Divadla V Praze",Čf,Supraphon
6933,CZ - ALBUMS CLASSICAL - TOP 10,2020,06,,10,Smetana & Liszt: Klavírní dílo,Miroslav Sekera,Miroslav Sekera,Supraphon
6934,CZ - ALBUMS CLASSICAL - TOP 10,2020,07,,1,Dvořák & Martinů: Klavírní koncerty,Bamberger Symphoniker/J.Hrůša/I.Kahánek,Bamberger Symphoniker,Supraphon
6935,CZ - ALBUMS CLASSICAL - TOP 10,2020,07,,2,Smetana & Liszt: Klavírní dílo,Miroslav Sekera,Miroslav Sekera,Supraphon
6936,CZ - ALBUMS CLASSICAL - TOP 10,2020,07,,3,A. Dvořák - Symfonie č. 6-9 - Z Nového světa,Berliner Philharmoniker/R. Kubelík,Berliner Philharmoniker,Universal Music
6937,CZ - ALBUMS CLASSICAL - TOP 10,2020,07,,4,"Bach, Messiaen, Pärt, Katt: Organ Works",Katt,Katt,Supraphon
6938,CZ - ALBUMS CLASSICAL - TOP 10,2020,07,,5,"Dvořák: Requiem, Biblical Songs, Te Deum","Čf/Hrůša, Bělohlávek, Martiník",Čf,Decca Music Group
6939,CZ - ALBUMS CLASSICAL - TOP 10,2020,07,,6,Smetana: Libuše (Live 1939),"Čf/Talich, Orchestr Národního Divadla V Praze",Čf,Supraphon
6940,CZ - ALBUMS CLASSICAL - TOP 10,2020,07,,7,"Chaconne pro princeznu - Händel, Leclair",Jana Semerádová & Erich Traxler,Jana Semerádová,Supraphon
6941,CZ - ALBUMS CLASSICAL - TOP 10,2020,07,,8,Francouzské árie,Petr Nekoranec / Čf/ Christopher Franklin,Petr Nekoranec,Supraphon
6942,CZ - ALBUMS CLASSICAL - TOP 10,2020,07,,9,Let There Be Cello,2Cellos,2Cellos,Sony Music
6943,CZ - ALBUMS CLASSICAL - TOP 10,2020,07,,10,Rejcha: Dechové kvintety,Belfiato Quintet,Belfiato Quintet,Supraphon
6944,CZ - ALBUMS CLASSICAL - TOP 10,2020,08,,1,Francouzské árie,Petr Nekoranec / Čf/ Christopher Franklin,Petr Nekoranec,Supraphon
6945,CZ - ALBUMS CLASSICAL - TOP 10,2020,08,,2,Smetana & Liszt: Klavírní dílo,Miroslav Sekera,Miroslav Sekera,Supraphon
6946,CZ - ALBUMS CLASSICAL - TOP 10,2020,08,,3,Smetana - Má vlast,Čf/Neumann,Čf,Supraphon
6947,CZ - ALBUMS CLASSICAL - TOP 10,2020,08,,4,Klavírní koncerty,I.Kahánek/Bamberger Symphoniker/J.Průša,I.Kahánek,Supraphon
6948,CZ - ALBUMS CLASSICAL - TOP 10,2020,08,,5,Klasika pro lepší spánek,Různí,Různí,Supraphon
6949,CZ - ALBUMS CLASSICAL - TOP 10,2020,08,,6,Sólo pro krále,Jana Semerádová,Jana Semerádová,Supraphon
6950,CZ - ALBUMS CLASSICAL - TOP 10,2020,08,,7,Let There Be Cello,2Cellos,2Cellos,Sony Music
6951,CZ - ALBUMS CLASSICAL - TOP 10,2020,08,,8,Rejcha: Dechové kvintety,Belfiato Quintet,Belfiato Quintet,Supraphon
6952,CZ - ALBUMS CLASSICAL - TOP 10,2020,08,,9,Guitar Solo Collection,Brabec Lubomír,Brabec Lubomír,Supraphon
6953,CZ - ALBUMS CLASSICAL - TOP 10,2020,08,,10,Farinelli,Cecilia Bartoli,Cecilia Bartoli,Universal Music
6954,CZ - ALBUMS CLASSICAL - TOP 10,2020,09,,1,Smetana/Dvořák: Smyčc.kvar.č.1-Smyčc.kvar.Americký,Panochovo Kvarteto,Panochovo Kvarteto,Supraphon
6955,CZ - ALBUMS CLASSICAL - TOP 10,2020,09,,2,Beethoven: Kompletní smyčcové kvartety,Smetanovo Kvarteto,Smetanovo Kvarteto,Supraphon
6956,CZ - ALBUMS CLASSICAL - TOP 10,2020,09,,3,"Novák: Klavírní koncert, Toman a lesní panna",Bartoš/Sočr/Hrůša,Bartoš,Supraphon
6957,CZ - ALBUMS CLASSICAL - TOP 10,2020,09,,4,"Hurník,Prokofjev: Příběhy jedné kapely, Péťa a vlk",Různí,Různí,Supraphon
6958,CZ - ALBUMS CLASSICAL - TOP 10,2020,09,,5,Score,2Cellos,2Cellos,Sony Music
6959,CZ - ALBUMS CLASSICAL - TOP 10,2020,09,,6,Dvořák: Moravské dvojzpěvy (komplet),Různí,Různí,Supraphon
6960,CZ - ALBUMS CLASSICAL - TOP 10,2020,09,,7,Let There Be Cello,2Cellos,2Cellos,Sony Music
6961,CZ - ALBUMS CLASSICAL - TOP 10,2020,09,,8,Dvořák & Martinů: Klavírní koncerty,Bamberger Symphoniker/J.Hrůša/I.Kahánek,Bamberger Symphoniker,Supraphon
6962,CZ - ALBUMS CLASSICAL - TOP 10,2020,09,,9,Praga Rosa Bohemiae - hudba renesanční Prahy,Capella Mariana / V. Semerád,Capella Mariana,Supraphon
6963,CZ - ALBUMS CLASSICAL - TOP 10,2020,09,,10,Martinů: Hry o Marii (cyklus 4 oper),Fok/Bělohlávek,Fok,Supraphon
6964,CZ - ALBUMS CLASSICAL - TOP 10,2020,10,,1,Next Horizon,Vilém Veverka,Vilém Veverka,Supraphon
6965,CZ - ALBUMS CLASSICAL - TOP 10,2020,10,,2,Jurkovič: ukolébavky,Hana Blažíková / Tomáš Král,Hana Blažíková,Supraphon
6966,CZ - ALBUMS CLASSICAL - TOP 10,2020,10,,3,Portrait,Ivan Moravec,Ivan Moravec,Supraphon
6967,CZ - ALBUMS CLASSICAL - TOP 10,2020,10,,4,Best Of Dvořák,Různí,Různí,Supraphon
6968,CZ - ALBUMS CLASSICAL - TOP 10,2020,10,,5,Má vlast,Čf/Smetáček,Čf,Supraphon
6969,CZ - ALBUMS CLASSICAL - TOP 10,2020,10,,6,"Mysliveček: Hobojové kvintety, Smyčcové kvartety",Doležalovo Kvarteto/M.Hrabánková,Doležalovo Kvarteto,Supraphon
6970,CZ - ALBUMS CLASSICAL - TOP 10,2020,10,,7,Let There Be Cello,2Cellos,2Cellos,Sony Music
6971,CZ - ALBUMS CLASSICAL - TOP 10,2020,10,,8,Score,2Cellos,2Cellos,Sony Music
6972,CZ - ALBUMS CLASSICAL - TOP 10,2020,10,,9,"Hurník,Prokofjev: Příběhy jedné kapely, Péťa a vlk",Různí,Různí,Supraphon
6973,CZ - ALBUMS CLASSICAL - TOP 10,2020,10,,10,"Dvořák: Requiem, Biblical Songs, Te Deum","Čf/Hrůša, Bělohlávek, Martiník",Čf,Decca Music Group
6974,CZ - ALBUMS CLASSICAL - TOP 10,2020,11,,1,"Mysliveček: Hobojové kvintety, Smyčcové kvartety",Doležalovo Kvarteto/M.Hrabánková,Doležalovo Kvarteto,Supraphon
6975,CZ - ALBUMS CLASSICAL - TOP 10,2020,11,,2,Way of Life,Jaroslav Svěcený,Jaroslav Svěcený,Bon Art Music
6976,CZ - ALBUMS CLASSICAL - TOP 10,2020,11,,3,Next Horizon,Vilém Veverka,Vilém Veverka,Supraphon
6977,CZ - ALBUMS CLASSICAL - TOP 10,2020,11,,4,Christmas On The Blue Violin,Pavel Šporcl,Pavel Šporcl,Universal Music
6978,CZ - ALBUMS CLASSICAL - TOP 10,2020,11,,5,Portrait,Ivan Moravec,Ivan Moravec,Supraphon
6979,CZ - ALBUMS CLASSICAL - TOP 10,2020,11,,6,Má vlast,Čf/Kubelík,Čf,Supraphon
6980,CZ - ALBUMS CLASSICAL - TOP 10,2020,11,,7,Let There Be Cello,2Cellos,2Cellos,Sony Music
6981,CZ - ALBUMS CLASSICAL - TOP 10,2020,11,,8,A. Dvořák - Symfonie č. 6-9 - Z Nového světa,Berliner Philharmoniker/R. Kubelík,Berliner Philharmoniker,Universal Music
6982,CZ - ALBUMS CLASSICAL - TOP 10,2020,11,,9,Score,2Cellos,2Cellos,Sony Music
6983,CZ - ALBUMS CLASSICAL - TOP 10,2020,11,,10,Rorate coeli / Advent a Vánoce v barokní Praze,Collegium Marianum/J.Semerádová,Collegium Marianum,Supraphon
6984,CZ - ALBUMS CLASSICAL - TOP 10,2020,12,,1,Way of Life,Jaroslav Svěcený,Jaroslav Svěcený,Bon Art Music
6985,CZ - ALBUMS CLASSICAL - TOP 10,2020,12,,2,Music Man: Adam Plachetka,A. Plachetka/L. Soukupová/K.Otevřelová,A. Plachetka,Čro
6986,CZ - ALBUMS CLASSICAL - TOP 10,2020,12,,3,Christmas On The Blue Violin,Pavel Šporcl,Pavel Šporcl,Universal Music
6987,CZ - ALBUMS CLASSICAL - TOP 10,2020,12,,4,Jiří Bělohlávek - Recollection,Různí,Různí,Supraphon
6988,CZ - ALBUMS CLASSICAL - TOP 10,2020,12,,5,Nativitas - Vánoční písně staré Evropy,Dagmar Pecková,Dagmar Pecková,Supraphon
6989,CZ - ALBUMS CLASSICAL - TOP 10,2020,12,,6,Klavírní koncerty,I.Kahánek/Bamberger Symphoniker/J.Průša,I.Kahánek,Supraphon
6990,CZ - ALBUMS CLASSICAL - TOP 10,2020,12,,7,České zpěvy vánoční,Musica Bohemica,Musica Bohemica,Supraphon
6991,CZ - ALBUMS CLASSICAL - TOP 10,2020,12,,8,Queen of Baroque,Cecilia Bartoli,Cecilia Bartoli,Universal Music
6992,CZ - ALBUMS CLASSICAL - TOP 10,2020,12,,9,Portrait,Ivan Moravec,Ivan Moravec,Supraphon
6993,CZ - ALBUMS CLASSICAL - TOP 10,2020,12,,10,Dvořák: Symfonie č. 9 e moll - Z Nového světa,Čf/Neumann,Čf,Supraphon
7482,CZ - ALBUMS CLASSICAL - TOP 10,2021,01,,1,Dvorák: Complete Symphonies & Concertos,Čf/Bělohlávek,Čf,Universal Music
7483,CZ - ALBUMS CLASSICAL - TOP 10,2021,01,,2,Music Man: Adam Plachetka,A. Plachetka/L. Soukupová/K.Otevřelová,A. Plachetka,Čro
7484,CZ - ALBUMS CLASSICAL - TOP 10,2021,01,,3,"Hurník,Prokofjev: Příběhy jedné kapely, Péťa a vlk",Různí,Různí,Supraphon
7485,CZ - ALBUMS CLASSICAL - TOP 10,2021,01,,4,Next Horizon,Vilém Veverka,Vilém Veverka,Supraphon
7486,CZ - ALBUMS CLASSICAL - TOP 10,2021,01,,5,Má vlast,Čf/Kubelík,Čf,Supraphon
7487,CZ - ALBUMS CLASSICAL - TOP 10,2021,01,,6,Česká barokní vánoční hudba,Musica Antiqua Praha,Musica Antiqua Praha,Supraphon
7488,CZ - ALBUMS CLASSICAL - TOP 10,2021,01,,7,Love in Venice,Rieu Andre,Rieu Andre,Universal Music
7489,CZ - ALBUMS CLASSICAL - TOP 10,2021,01,,8,Romantic Moments II,André Rieu,André Rieu,Universal Music
7490,CZ - ALBUMS CLASSICAL - TOP 10,2021,01,,9,My Music - My World - The Very Best Of,André Rieu,André Rieu,Universal Music
7491,CZ - ALBUMS CLASSICAL - TOP 10,2021,01,,10,Romantický klavír,Jiří Malásek,Jiří Malásek,Supraphon
7492,CZ - ALBUMS CLASSICAL - TOP 10,2021,02,,1,Next Horizon,Vilém Veverka,Vilém Veverka,Supraphon
7493,CZ - ALBUMS CLASSICAL - TOP 10,2021,02,,2,Best of Classics,Různí,Různí,Supraphon
7494,CZ - ALBUMS CLASSICAL - TOP 10,2021,02,,3,"Hurník,Prokofjev: Příběhy jedné kapely, Péťa a vlk",Různí,Různí,Supraphon
7495,CZ - ALBUMS CLASSICAL - TOP 10,2021,02,,4,Score,2Cellos,2Cellos,Sony Music
7496,CZ - ALBUMS CLASSICAL - TOP 10,2021,02,,5,Music Man: Adam Plachetka,A. Plachetka/L. Soukupová/K.Otevřelová,A. Plachetka,Čro
7497,CZ - ALBUMS CLASSICAL - TOP 10,2021,02,,6,"Mozart pro lepší učení, koncentraci a paměť",Různí,Různí,Supraphon
7498,CZ - ALBUMS CLASSICAL - TOP 10,2021,02,,7,Má vlast,Čf/Kubelík,Čf,Supraphon
7499,CZ - ALBUMS CLASSICAL - TOP 10,2021,02,,8,Dvořák: Symfonie č. 9 e moll - Z Nového světa,Čf/Neumann,Čf,Supraphon
7500,CZ - ALBUMS CLASSICAL - TOP 10,2021,02,,9,Let There Be Cello,2Cellos,2Cellos,Sony Music
7501,CZ - ALBUMS CLASSICAL - TOP 10,2021,02,,10,Love in Venice,Rieu Andre,Rieu Andre,Universal Music
7502,CZ - ALBUMS CLASSICAL - TOP 10,2021,03,,1,Orquestrina,Radek Baborák,Radek Baborák,Supraphon
7503,CZ - ALBUMS CLASSICAL - TOP 10,2021,03,,2,Smetana - Má vlast,Čf/Neumann,Čf,Supraphon
7504,CZ - ALBUMS CLASSICAL - TOP 10,2021,03,,3,Jiří Bělohlávek - Recollection,Různí,Různí,Supraphon
7505,CZ - ALBUMS CLASSICAL - TOP 10,2021,03,,4,Way of Life,Jaroslav Svěcený,Jaroslav Svěcený,Bon Art Music
7506,CZ - ALBUMS CLASSICAL - TOP 10,2021,03,,5,Best of Classics,Různí,Různí,Supraphon
7507,CZ - ALBUMS CLASSICAL - TOP 10,2021,03,,6,Live 1939 - Smetana - Má vlast,Talich Václav/Česká Filharmonie,Talich Václav,Supraphon
7508,CZ - ALBUMS CLASSICAL - TOP 10,2021,03,,7,"Beethoven, L.v. Klavírní sonáty",Ivan Moravec,Ivan Moravec,Supraphon
7509,CZ - ALBUMS CLASSICAL - TOP 10,2021,03,,8,Romantický klavír,Jiří Malásek,Jiří Malásek,Supraphon
7510,CZ - ALBUMS CLASSICAL - TOP 10,2021,03,,9,České a moravské barokní varhany III,Jiří Reinberger,Jiří Reinberger,Supraphon
7511,CZ - ALBUMS CLASSICAL - TOP 10,2021,03,,10,Chtěla bych tančit jen,Pavla Břínková,Pavla Břínková,Supraphon
7512,CZ - ALBUMS CLASSICAL - TOP 10,2021,04,,1,Jistebnický kancionál,Tiburtina Ensemble,Tiburtina Ensemble,Supraphon
7513,CZ - ALBUMS CLASSICAL - TOP 10,2021,04,,2,Score,2Cellos,2Cellos,Sony Music
7514,CZ - ALBUMS CLASSICAL - TOP 10,2021,04,,3,"Hurník,Prokofjev: Příběhy jedné kapely, Péťa a vlk",Různí,Různí,Supraphon
7515,CZ - ALBUMS CLASSICAL - TOP 10,2021,04,,4,"Mozart pro lepší učení, koncentraci a paměť",Různí,Různí,Supraphon
7516,CZ - ALBUMS CLASSICAL - TOP 10,2021,04,,5,Way of Life,Jaroslav Svěcený,Jaroslav Svěcený,Bon Art Music
7517,CZ - ALBUMS CLASSICAL - TOP 10,2021,04,,6,Let There Be Cello,2Cellos,2Cellos,Sony Music
7518,CZ - ALBUMS CLASSICAL - TOP 10,2021,04,,7,Klavírní koncerty,I.Kahánek/Bamberger Symphoniker/J.Průša,I.Kahánek,Supraphon
7519,CZ - ALBUMS CLASSICAL - TOP 10,2021,04,,8,'Ah! Mio Cor' - Arias,Magdalena Kožená,Magdalena Kožená,Universal Music
7520,CZ - ALBUMS CLASSICAL - TOP 10,2021,04,,9,"Dvořák, A. Smyčcové kvartety G dur, op. 106 ...",Pavel Haas Quartet,Pavel Haas Quartet,Supraphon
7521,CZ - ALBUMS CLASSICAL - TOP 10,2021,04,,10,Čtvero ročních dob,Pavel Šporcl,Pavel Šporcl,Supraphon
7522,CZ - ALBUMS CLASSICAL - TOP 10,2021,05,,1,"Má vlast, Largo, Letní dojmy","Jana Boušková / Smetana, Dvořák, Suk",Jana Boušková,Supraphon
7523,CZ - ALBUMS CLASSICAL - TOP 10,2021,05,,2,Jistebnický kancionál,Tiburtina Ensemble,Tiburtina Ensemble,Supraphon
7524,CZ - ALBUMS CLASSICAL - TOP 10,2021,05,,3,"Hurník,Prokofjev: Příběhy jedné kapely, Péťa a vlk",Různí,Různí,Supraphon
7525,CZ - ALBUMS CLASSICAL - TOP 10,2021,05,,4,Smetana: Má vlast,Čf/Pešek,Čf,Nan
7526,CZ - ALBUMS CLASSICAL - TOP 10,2021,05,,5,Score,2Cellos,2Cellos,Sony Music
7527,CZ - ALBUMS CLASSICAL - TOP 10,2021,05,,6,Best of Czech Classics,Různí,Různí,Supraphon
7528,CZ - ALBUMS CLASSICAL - TOP 10,2021,05,,7,Dvořák A. - Vanda,Různí,Různí,Supraphon
7529,CZ - ALBUMS CLASSICAL - TOP 10,2021,05,,8,Historie psaná šelakem - Zlatý věk české operety 4,Různí,Různí,Supraphon
7530,CZ - ALBUMS CLASSICAL - TOP 10,2021,05,,9,Music Man: Adam Plachetka,A. Plachetka/L. Soukupová/K.Otevřelová,A. Plachetka,Čro
7531,CZ - ALBUMS CLASSICAL - TOP 10,2021,05,,10,Romantic Moments II,André Rieu,André Rieu,Universal Music
7532,CZ - ALBUMS CLASSICAL - TOP 10,2021,06,,1,"Má vlast, Largo, Letní dojmy","Jana Boušková / Smetana, Dvořák, Suk",Jana Boušková,Supraphon
7533,CZ - ALBUMS CLASSICAL - TOP 10,2021,06,,2,Septem dies/Hudba na pražské univerzitě 1360-1460,Schola Gregoriana Pragensis,Schola Gregoriana Pragensis,Supraphon
7534,CZ - ALBUMS CLASSICAL - TOP 10,2021,06,,3,Magical Maastricht,André Rieu,André Rieu,Universal Music
7535,CZ - ALBUMS CLASSICAL - TOP 10,2021,06,,4,Jistebnický kancionál,Tiburtina Ensemble,Tiburtina Ensemble,Supraphon
7536,CZ - ALBUMS CLASSICAL - TOP 10,2021,06,,5,Phidylé,Kateřina Kněžíková/Janáčkova Filharmonie Ostrava,Kateřina Kněžíková,Supraphon
7537,CZ - ALBUMS CLASSICAL - TOP 10,2021,06,,6,Music Man: Adam Plachetka,A. Plachetka/L. Soukupová/K.Otevřelová,A. Plachetka,Čro
7538,CZ - ALBUMS CLASSICAL - TOP 10,2021,06,,7,Adventní mše Rorate v českých kancionálech,Adventus Domini / Schola Gregoriana Pragensis,Adventus Domini,Supraphon
7539,CZ - ALBUMS CLASSICAL - TOP 10,2021,06,,8,Klavírní koncerty,I.Kahánek/Bamberger Symphoniker/J.Průša,I.Kahánek,Supraphon
7540,CZ - ALBUMS CLASSICAL - TOP 10,2021,06,,9,Haydn Songs,Janková Martina,Janková Martina,Supraphon
7541,CZ - ALBUMS CLASSICAL - TOP 10,2021,06,,10,Má vlast - Bedřich Smetana,Pkf/Jakub Hrůša,Pkf,Supraphon
7542,CZ - ALBUMS CLASSICAL - TOP 10,2021,07,,1,"Má vlast, Largo, Letní dojmy","Jana Boušková / Smetana, Dvořák, Suk",Jana Boušková,Supraphon
7543,CZ - ALBUMS CLASSICAL - TOP 10,2021,07,,2,Hudba pro Prahu,Symfonický Orchestr Hl.M. Prahy Fok/T. Brauner,Symfonický Orchestr Hl.M. Prahy Fok,Supraphon
7544,CZ - ALBUMS CLASSICAL - TOP 10,2021,07,,3,Beethoven: Kompletní klavírní tria,Sukovo Trio,Sukovo Trio,Supraphon
7545,CZ - ALBUMS CLASSICAL - TOP 10,2021,07,,4,Jistebnický kancionál,Tiburtina Ensemble,Tiburtina Ensemble,Supraphon
7546,CZ - ALBUMS CLASSICAL - TOP 10,2021,07,,5,Let There Be Cello,2Cellos,2Cellos,Sony Music
7547,CZ - ALBUMS CLASSICAL - TOP 10,2021,07,,6,Magical Maastricht,André Rieu,André Rieu,Universal Music
7548,CZ - ALBUMS CLASSICAL - TOP 10,2021,07,,7,"Novák: Klavírní koncert, Toman a lesní panna",Bartoš/Sočr/Hrůša,Bartoš,Supraphon
7549,CZ - ALBUMS CLASSICAL - TOP 10,2021,07,,8,Love Letters,Rieu Andre,Rieu Andre,Universal Music
7550,CZ - ALBUMS CLASSICAL - TOP 10,2021,07,,9,Septem dies/Hudba na pražské univerzitě 1360-1460,Schola Gregoriana Pragensis,Schola Gregoriana Pragensis,Supraphon
7551,CZ - ALBUMS CLASSICAL - TOP 10,2021,07,,10,Score,2Cellos,2Cellos,Sony Music
7552,CZ - ALBUMS CLASSICAL - TOP 10,2021,08,,1,Jistebnický kancionál,Tiburtina Ensemble,Tiburtina Ensemble,Supraphon
7553,CZ - ALBUMS CLASSICAL - TOP 10,2021,08,,2,Beethoven: Kompletní klavírní tria,Sukovo Trio,Sukovo Trio,Supraphon
7554,CZ - ALBUMS CLASSICAL - TOP 10,2021,08,,3,"Má vlast, Largo, Letní dojmy","Jana Boušková / Smetana, Dvořák, Suk",Jana Boušková,Supraphon
7555,CZ - ALBUMS CLASSICAL - TOP 10,2021,08,,4,Music Man: Adam Plachetka,A. Plachetka/L. Soukupová/K.Otevřelová,A. Plachetka,Čro
7556,CZ - ALBUMS CLASSICAL - TOP 10,2021,08,,5,Hudba pro Prahu,Symfonický Orchestr Hl.M. Prahy Fok/T. Brauner,Symfonický Orchestr Hl.M. Prahy Fok,Supraphon
7557,CZ - ALBUMS CLASSICAL - TOP 10,2021,08,,6,Let There Be Cello,2Cellos,2Cellos,Sony Music
7558,CZ - ALBUMS CLASSICAL - TOP 10,2021,08,,7,Talich Special Edition 6-Má vlast,Čf/Talich,Čf,Supraphon
7559,CZ - ALBUMS CLASSICAL - TOP 10,2021,08,,8,50 Great Tracks,Luciano Pavarotti,Luciano Pavarotti,Universal Music
7560,CZ - ALBUMS CLASSICAL - TOP 10,2021,08,,9,Čtvero ročních dob,Pavel Šporcl,Pavel Šporcl,Supraphon
7561,CZ - ALBUMS CLASSICAL - TOP 10,2021,08,,10,Best of Johann Strauss,Různí,Různí,Supraphon
7562,CZ - ALBUMS CLASSICAL - TOP 10,2021,09,,1,Dvořák: Kompletní klavírní dílo,Ivo Kahánek,Ivo Kahánek,Supraphon
7563,CZ - ALBUMS CLASSICAL - TOP 10,2021,09,,2,Brixi: Magnificat. Hudba Prahy 18. století,Hipocondria Ensemble/Jan Hádek,Hipocondria Ensemble,Supraphon
7564,CZ - ALBUMS CLASSICAL - TOP 10,2021,09,,3,"Martinů: Fresky, Paraboly, Rytiny",Sočr/Netopil,Sočr,Supraphon
7565,CZ - ALBUMS CLASSICAL - TOP 10,2021,09,,4,"Má vlast, Largo, Letní dojmy","Jana Boušková / Smetana, Dvořák, Suk",Jana Boušková,Supraphon
7566,CZ - ALBUMS CLASSICAL - TOP 10,2021,09,,5,"Dvořák:Symfonie č. 8 a 9, Legendy, Slovanské tance",Čf/Symfonický Orch. Hl.M. Prahy Fok/Ch. Mackerras,Čf,Supraphon
7567,CZ - ALBUMS CLASSICAL - TOP 10,2021,09,,6,Beethoven: Kompletní klavírní tria,Sukovo Trio,Sukovo Trio,Supraphon
7568,CZ - ALBUMS CLASSICAL - TOP 10,2021,09,,7,A. Dvořák - Rusalka - opera,Různí,Různí,Supraphon
7569,CZ - ALBUMS CLASSICAL - TOP 10,2021,09,,8,Hudba pro Prahu,Symfonický Orchestr Hl.M. Prahy Fok/T. Brauner,Symfonický Orchestr Hl.M. Prahy Fok,Supraphon
7570,CZ - ALBUMS CLASSICAL - TOP 10,2021,09,,9,Liszt: Freudvoll und leidvoll,Jonas Kaufmann & Helmut Deutsch,Jonas Kaufmann,Sony Music
7571,CZ - ALBUMS CLASSICAL - TOP 10,2021,09,,10,Queen of Baroque,Cecilia Bartoli,Cecilia Bartoli,Universal Music
7572,CZ - ALBUMS CLASSICAL - TOP 10,2021,10,,1,Dvořák: Kompletní klavírní dílo,Ivo Kahánek,Ivo Kahánek,Supraphon
7573,CZ - ALBUMS CLASSICAL - TOP 10,2021,10,,2,Tůma: Requiem,Czech Ensemble Baroque Choir/R. Válek,Czech Ensemble Baroque Choir,Supraphon
7574,CZ - ALBUMS CLASSICAL - TOP 10,2021,10,,3,The Art of English Horn,Dominik Wollenweber,Dominik Wollenweber,Supraphon
7575,CZ - ALBUMS CLASSICAL - TOP 10,2021,10,,4,"Martinů: Fresky, Paraboly, Rytiny",Sočr/Netopil,Sočr,Supraphon
7576,CZ - ALBUMS CLASSICAL - TOP 10,2021,10,,5,A. Dvořák - Symfonie č. 6-9 - Z Nového světa,Berliner Philharmoniker/R. Kubelík,Berliner Philharmoniker,Universal Music
7577,CZ - ALBUMS CLASSICAL - TOP 10,2021,10,,6,"Má vlast, Largo, Letní dojmy","Jana Boušková / Smetana, Dvořák, Suk",Jana Boušková,Supraphon
7578,CZ - ALBUMS CLASSICAL - TOP 10,2021,10,,7,Best of Classics,Různí,Různí,Supraphon
7579,CZ - ALBUMS CLASSICAL - TOP 10,2021,10,,8,Rorate coeli / Advent a Vánoce v barokní Praze,Collegium Marianum/J.Semerádová,Collegium Marianum,Supraphon
7580,CZ - ALBUMS CLASSICAL - TOP 10,2021,10,,9,Brixi: Magnificat. Hudba Prahy 18. století,Hipocondria Ensemble/Jan Hádek,Hipocondria Ensemble,Supraphon
7581,CZ - ALBUMS CLASSICAL - TOP 10,2021,10,,10,Liszt: Freudvoll und leidvoll,Jonas Kaufmann & Helmut Deutsch,Jonas Kaufmann,Sony Music
7582,CZ - ALBUMS CLASSICAL - TOP 10,2021,11,,1,Dvořák: Kompletní klavírní dílo,Ivo Kahánek,Ivo Kahánek,Supraphon
7583,CZ - ALBUMS CLASSICAL - TOP 10,2021,11,,2,Dvořák: Kvintety,Pavel Haas Quartet,Pavel Haas Quartet,Supraphon
7584,CZ - ALBUMS CLASSICAL - TOP 10,2021,11,,3,Tůma: Requiem,Czech Ensemble Baroque Choir/R. Válek,Czech Ensemble Baroque Choir,Supraphon
7585,CZ - ALBUMS CLASSICAL - TOP 10,2021,11,,4,Tůma: Requiem,Czech Ensemble Baroque Choir/R. Válek,Czech Ensemble Baroque Choir,Super Projects
7586,CZ - ALBUMS CLASSICAL - TOP 10,2021,11,,5,"Dvořák:Symfonie č. 8 a 9, Legendy, Slovanské tance",Čf/Symfonický Orch. Hl.M. Prahy Fok/Ch. Mackerras,Čf,Supraphon
7587,CZ - ALBUMS CLASSICAL - TOP 10,2021,11,,6,Mahler: Píseň o zemi,Různí,Různí,Supraphon
7588,CZ - ALBUMS CLASSICAL - TOP 10,2021,11,,7,Let There Be Cello,2Cellos,2Cellos,Sony Music
7589,CZ - ALBUMS CLASSICAL - TOP 10,2021,11,,8,Ančerl Gold Edition 6. Mahler: Symfonie č.1 ...,Čf/Ančerl,Čf,Supraphon
7590,CZ - ALBUMS CLASSICAL - TOP 10,2021,11,,9,Way of Life,Jaroslav Svěcený,Jaroslav Svěcený,Bon Art Music
7591,CZ - ALBUMS CLASSICAL - TOP 10,2021,11,,10,Bedřich Smetana : Má vlast,Sočr/Krombholc,Sočr,Multisonic
7592,CZ - ALBUMS CLASSICAL - TOP 10,2021,12,,1,Dvořák: Kompletní klavírní dílo,Ivo Kahánek,Ivo Kahánek,Supraphon
7593,CZ - ALBUMS CLASSICAL - TOP 10,2021,12,,2,Jistebnický kancionál,Tiburtina Ensemble,Tiburtina Ensemble,Supraphon
7594,CZ - ALBUMS CLASSICAL - TOP 10,2021,12,,3,Rorate coeli / Advent a Vánoce v barokní Praze,Collegium Marianum/J.Semerádová,Collegium Marianum,Supraphon
7595,CZ - ALBUMS CLASSICAL - TOP 10,2021,12,,4,"Dvořák:Symfonie č. 8 a 9, Legendy, Slovanské tance",Čf/Symfonický Orch. Hl.M. Prahy Fok/Ch. Mackerras,Čf,Supraphon
7596,CZ - ALBUMS CLASSICAL - TOP 10,2021,12,,5,Tůma: Requiem,Czech Ensemble Baroque Choir/R. Válek,Czech Ensemble Baroque Choir,Super Projects
7597,CZ - ALBUMS CLASSICAL - TOP 10,2021,12,,6,Dvořák A.: Rusalka / Nebojte se klasiky! (10,Různí,Různí,Radioservis
7598,CZ - ALBUMS CLASSICAL - TOP 10,2021,12,,7,Brixi: Magnificat. Hudba Prahy 18. století,Hipocondria Ensemble/Jan Hádek,Hipocondria Ensemble,Supraphon
7599,CZ - ALBUMS CLASSICAL - TOP 10,2021,12,,8,Česká barokní vánoční hudba,Musica Antiqua Praha,Musica Antiqua Praha,Supraphon
7600,CZ - ALBUMS CLASSICAL - TOP 10,2021,12,,9,Christmas On The Blue Violin,Pavel Šporcl,Pavel Šporcl,Universal Music
7601,CZ - ALBUMS CLASSICAL - TOP 10,2021,12,,10,Love in Venice,Rieu Andre,Rieu Andre,Universal Music
8107,CZ - ALBUMS CLASSICAL - TOP 10,2022,01,,1,Dvořák: Kompletní klavírní dílo,Ivo Kahánek,Ivo Kahánek,Supraphon
8108,CZ - ALBUMS CLASSICAL - TOP 10,2022,01,,2,"Martinů: Fresky, Paraboly, Rytiny",Sočr/Netopil,Sočr,Supraphon
8109,CZ - ALBUMS CLASSICAL - TOP 10,2022,01,,3,Tůma: Requiem,Czech Ensemble Baroque Choir/R. Válek,Czech Ensemble Baroque Choir,Super Projects
8110,CZ - ALBUMS CLASSICAL - TOP 10,2022,01,,4,Dvořák - Symfonie č. 9,Čf/Bělohlávek,Čf,Supraphon
8111,CZ - ALBUMS CLASSICAL - TOP 10,2022,01,,5,Smetana: Má vlast,Čf/Bělohlávek,Čf,Supraphon
8112,CZ - ALBUMS CLASSICAL - TOP 10,2022,01,,6,Brixi: Magnificat. Hudba Prahy 18. století,Hipocondria Ensemble/Jan Hádek,Hipocondria Ensemble,Supraphon
8113,CZ - ALBUMS CLASSICAL - TOP 10,2022,01,,7,Michna: Loutna česká,Musica Bohemica,Musica Bohemica,Supraphon
8114,CZ - ALBUMS CLASSICAL - TOP 10,2022,01,,8,Smetana - Má vlast,Čf/Neumann,Čf,Supraphon
8115,CZ - ALBUMS CLASSICAL - TOP 10,2022,01,,9,Česká barokní vánoční hudba,Musica Antiqua Praha,Musica Antiqua Praha,Supraphon
8116,CZ - ALBUMS CLASSICAL - TOP 10,2022,01,,10,"Dvořák, A. Smyčcové kvartety G dur, op. 106 ...",Pavel Haas Quartet,Pavel Haas Quartet,Supraphon
8117,CZ - ALBUMS CLASSICAL - TOP 10,2022,02,,1,Karel Ančerl Live Recordings,Čf/Ančerl,Čf,Supraphon
8118,CZ - ALBUMS CLASSICAL - TOP 10,2022,02,,2,A. Dvořák - Symfonie č. 6-9 - Z Nového světa,Berliner Philharmoniker/R. Kubelík,Berliner Philharmoniker,Universal Music
8119,CZ - ALBUMS CLASSICAL - TOP 10,2022,02,,3,Dvořák: Symfonie č. 9 e moll - Z Nového světa,Čf/Neumann,Čf,Supraphon
8120,CZ - ALBUMS CLASSICAL - TOP 10,2022,02,,4,Smetana - Má vlast,Čf/Neumann,Čf,Supraphon
8121,CZ - ALBUMS CLASSICAL - TOP 10,2022,02,,5,Dvořák: Kompletní klavírní dílo,Ivo Kahánek,Ivo Kahánek,Supraphon
8122,CZ - ALBUMS CLASSICAL - TOP 10,2022,02,,6,Michna: Loutna česká,Musica Bohemica,Musica Bohemica,Supraphon
8123,CZ - ALBUMS CLASSICAL - TOP 10,2022,02,,7,Best of Classics,Různí,Různí,Supraphon
8124,CZ - ALBUMS CLASSICAL - TOP 10,2022,02,,8,Gold Edition 11 Kabeláč: Mysterium času,Čf/Ančerl,Čf,Supraphon
8125,CZ - ALBUMS CLASSICAL - TOP 10,2022,02,,9,Houslový koncert; Romance ...,Čf/Neumann; Josef Suk,Čf,Supraphon
8126,CZ - ALBUMS CLASSICAL - TOP 10,2022,02,,10,Let There Be Cello,2Cellos,2Cellos,Sony Music
8127,CZ - ALBUMS CLASSICAL - TOP 10,2022,03,,1,Ančerl - Gold Edition 2 - Dvořák - Symfonie č. 9,Čf/Ančerl,Čf,Supraphon
8128,CZ - ALBUMS CLASSICAL - TOP 10,2022,03,,2,Cachua Serranita,Collegium Marianum/J.Semerádová,Collegium Marianum,Supraphon
8129,CZ - ALBUMS CLASSICAL - TOP 10,2022,03,,3,Dvořák: Kompletní klavírní dílo,Ivo Kahánek,Ivo Kahánek,Supraphon
8130,CZ - ALBUMS CLASSICAL - TOP 10,2022,03,,4,Elements/Nielsen-Hindemith-Barber-Tomasi-Pärt,Belfiato Quintet,Belfiato Quintet,Supraphon
8131,CZ - ALBUMS CLASSICAL - TOP 10,2022,03,,5,Smetana - Má vlast,Čf/Neumann,Čf,Supraphon
8132,CZ - ALBUMS CLASSICAL - TOP 10,2022,03,,6,Reichenauer: Koncerty. Hudba Prahy 18. století,Collegium 1704/V. Luks,Collegium 1704,Super Projects
8133,CZ - ALBUMS CLASSICAL - TOP 10,2022,03,,7,Karel Ančerl Live Recordings,Čf/Ančerl,Čf,Supraphon
8134,CZ - ALBUMS CLASSICAL - TOP 10,2022,03,,8,"Martinů: Fresky, Paraboly, Rytiny",Sočr/Netopil,Sočr,Supraphon
8135,CZ - ALBUMS CLASSICAL - TOP 10,2022,03,,9,Tůma: Requiem,Czech Ensemble Baroque Choir/R. Válek,Czech Ensemble Baroque Choir,Super Projects
8136,CZ - ALBUMS CLASSICAL - TOP 10,2022,03,,10,Gold Edition 11 Kabeláč: Mysterium času,Čf/Ančerl,Čf,Supraphon
8137,CZ - ALBUMS CLASSICAL - TOP 10,2022,04,,1,"Cesty / Janáček, Martinů, Schulhoff, Klein",Josef Špaček/Tomáš Jamník,Josef Špaček,Supraphon
8138,CZ - ALBUMS CLASSICAL - TOP 10,2022,04,,2,Dvořák: Kompletní klavírní dílo,Ivo Kahánek,Ivo Kahánek,Supraphon
8139,CZ - ALBUMS CLASSICAL - TOP 10,2022,04,,3,Brentner J.J.I. -  Koncerty a árie,Různí,Různí,Supraphon
8140,CZ - ALBUMS CLASSICAL - TOP 10,2022,04,,4,Cachua Serranita,Collegium Marianum/J.Semerádová,Collegium Marianum,Supraphon
8141,CZ - ALBUMS CLASSICAL - TOP 10,2022,04,,5,"Schumann: Klavírní kvartety, Pohádková vyprávění",Dvořákovo Klavírní Kvarteto,Dvořákovo Klavírní Kvarteto,Supraphon
8142,CZ - ALBUMS CLASSICAL - TOP 10,2022,04,,6,Let There Be Cello,2Cellos,2Cellos,Sony Music
8143,CZ - ALBUMS CLASSICAL - TOP 10,2022,04,,7,Tůma: Requiem,Czech Ensemble Baroque Choir/R. Válek,Czech Ensemble Baroque Choir,Super Projects
8144,CZ - ALBUMS CLASSICAL - TOP 10,2022,04,,8,Ančerl - Gold Edition 1 - Smetana: Má vlast,Čf/Ančerl,Čf,Supraphon
8145,CZ - ALBUMS CLASSICAL - TOP 10,2022,04,,9,Dvořák: Symfonie č. 9 e moll - Z Nového světa,Čf/Neumann,Čf,Supraphon
8146,CZ - ALBUMS CLASSICAL - TOP 10,2022,04,,10,Jina,Martina Kociánová,Martina Kociánová,Universal Music
8147,CZ - ALBUMS CLASSICAL - TOP 10,2022,05,,1,Brahms: Kvintety op. 34 & 111,Pavel Haas Quartet & B. Giltburg & P. Nikl,Pavel Haas Quartet,Supraphon
8148,CZ - ALBUMS CLASSICAL - TOP 10,2022,05,,2,Smetana: Má vlast,Čf/Bělohlávek,Čf,Supraphon
8149,CZ - ALBUMS CLASSICAL - TOP 10,2022,05,,3,"Cesty / Janáček, Martinů, Schulhoff, Klein",Josef Špaček/Tomáš Jamník,Josef Špaček,Supraphon
8150,CZ - ALBUMS CLASSICAL - TOP 10,2022,05,,4,Dvořák: Kompletní klavírní dílo,Ivo Kahánek,Ivo Kahánek,Supraphon
8151,CZ - ALBUMS CLASSICAL - TOP 10,2022,05,,5,Let There Be Cello,2Cellos,2Cellos,Sony Music
8152,CZ - ALBUMS CLASSICAL - TOP 10,2022,05,,6,Bach: Complete Sonatas & Partitas for Solo Violin,Arthur Grumiaux,Arthur Grumiaux,Universal Music
8153,CZ - ALBUMS CLASSICAL - TOP 10,2022,05,,7,"Novák: Klavírní koncert, Toman a lesní panna",Bartoš/Sočr/Hrůša,Bartoš,Supraphon
8154,CZ - ALBUMS CLASSICAL - TOP 10,2022,05,,8,Elements/Nielsen-Hindemith-Barber-Tomasi-Pärt,Belfiato Quintet,Belfiato Quintet,Supraphon
8155,CZ - ALBUMS CLASSICAL - TOP 10,2022,05,,9,Cachua Serranita,Collegium Marianum/J.Semerádová,Collegium Marianum,Supraphon
8156,CZ - ALBUMS CLASSICAL - TOP 10,2022,05,,10,Dvořák: Klavírní kvartety č. 1 a č. 2,Dvořákovo Klavírní Kvarteto,Dvořákovo Klavírní Kvarteto,Supraphon
8157,CZ - ALBUMS CLASSICAL - TOP 10,2022,06,,1,Brahms: Kvintety op. 34 & 111,Pavel Haas Quartet & B. Giltburg & P. Nikl,Pavel Haas Quartet,Supraphon
8158,CZ - ALBUMS CLASSICAL - TOP 10,2022,06,,2,Kompletní nahrávky 1939-1950,Marie Podvalová,Marie Podvalová,Supraphon
8159,CZ - ALBUMS CLASSICAL - TOP 10,2022,06,,3,A. Dvořák - Symfonie č. 6-9 - Z Nového světa,Berliner Philharmoniker/R. Kubelík,Berliner Philharmoniker,Universal Music
8160,CZ - ALBUMS CLASSICAL - TOP 10,2022,06,,4,Dvořák: Kompletní klavírní dílo,Ivo Kahánek,Ivo Kahánek,Supraphon
8161,CZ - ALBUMS CLASSICAL - TOP 10,2022,06,,5,"Brahms, Glazunov, Sibelius: Horn Quintets",Radek Baborák / Baborák Ensemble,Radek Baborák,Animal Music
8162,CZ - ALBUMS CLASSICAL - TOP 10,2022,06,,6,Karel Ančerl Live Recordings,Čf/Ančerl,Čf,Supraphon
8163,CZ - ALBUMS CLASSICAL - TOP 10,2022,06,,7,Mahler: Des Knaben Wunderhorn,Různí,Různí,Animal Music
8164,CZ - ALBUMS CLASSICAL - TOP 10,2022,06,,8,Let There Be Cello,2Cellos,2Cellos,Sony Music
8165,CZ - ALBUMS CLASSICAL - TOP 10,2022,06,,9,Vaňhal  J.K. - Symfonie,Různí,Různí,Supraphon
8166,CZ - ALBUMS CLASSICAL - TOP 10,2022,06,,10,Best Of Vivaldi,Různí,Různí,Supraphon
8167,CZ - ALBUMS CLASSICAL - TOP 10,2022,07,,1,Best Of Dvořák,Různí,Různí,Supraphon
8168,CZ - ALBUMS CLASSICAL - TOP 10,2022,07,,2,Dvořák v Americe,Různí,Různí,Supraphon
8169,CZ - ALBUMS CLASSICAL - TOP 10,2022,07,,3,Brahms: Kvintety op. 34 & 111,Pavel Haas Quartet & B. Giltburg & P. Nikl,Pavel Haas Quartet,Supraphon
8170,CZ - ALBUMS CLASSICAL - TOP 10,2022,07,,4,Dvořák: Kompletní klavírní dílo,Ivo Kahánek,Ivo Kahánek,Supraphon
8171,CZ - ALBUMS CLASSICAL - TOP 10,2022,07,,5,Portrait,Richard Novák,Richard Novák,Supraphon
8172,CZ - ALBUMS CLASSICAL - TOP 10,2022,07,,6,Janáček:Zápisník zmizelého-Dvořák:Biblické písně..,V.Přibyl/L.Márová/J.Páleníček/M.Máša,V.Přibyl,Supraphon
8173,CZ - ALBUMS CLASSICAL - TOP 10,2022,07,,7,Český recitál,Vilém Přibyl,Vilém Přibyl,Radioservis
8174,CZ - ALBUMS CLASSICAL - TOP 10,2022,07,,8,Let There Be Cello,2Cellos,2Cellos,Sony Music
8175,CZ - ALBUMS CLASSICAL - TOP 10,2022,07,,9,"Novák: Klavírní koncert, Toman a lesní panna",Bartoš/Sočr/Hrůša,Bartoš,Supraphon
8176,CZ - ALBUMS CLASSICAL - TOP 10,2022,07,,10,Varhanní a vokální skladby B. M. Černohorského,Různí,Různí,Supraphon
8177,CZ - ALBUMS CLASSICAL - TOP 10,2022,08,,1,Mysliveček: Houslové koncerty - komplet,Různí,Různí,Supraphon
8178,CZ - ALBUMS CLASSICAL - TOP 10,2022,08,,2,Brahms: Kvintety op. 34 & 111,Pavel Haas Quartet & B. Giltburg & P. Nikl,Pavel Haas Quartet,Supraphon
8179,CZ - ALBUMS CLASSICAL - TOP 10,2022,08,,3,Dvořák: Kompletní klavírní dílo,Ivo Kahánek,Ivo Kahánek,Supraphon
8180,CZ - ALBUMS CLASSICAL - TOP 10,2022,08,,4,Score,2Cellos,2Cellos,Sony Music
8181,CZ - ALBUMS CLASSICAL - TOP 10,2022,08,,5,My Music - My World - The Very Best Of,André Rieu,André Rieu,Universal Music
8182,CZ - ALBUMS CLASSICAL - TOP 10,2022,08,,6,Dvořák: Symfonie č. 9 e moll - Z Nového světa,Čf/Neumann,Čf,Supraphon
8183,CZ - ALBUMS CLASSICAL - TOP 10,2022,08,,7,Let There Be Cello,2Cellos,2Cellos,Sony Music
8184,CZ - ALBUMS CLASSICAL - TOP 10,2022,08,,8,Smetana - Má vlast,Čf/Neumann,Čf,Supraphon
8185,CZ - ALBUMS CLASSICAL - TOP 10,2022,08,,9,"Mozart, W.A. Klavírní sonáty K. 333, 457, 570, Fan",Ivan Moravec,Ivan Moravec,Supraphon
8186,CZ - ALBUMS CLASSICAL - TOP 10,2022,08,,10,Le jardin musical,Musica Antiqua Vídeň,Musica Antiqua Vídeň,Supraphon
8187,CZ - ALBUMS CLASSICAL - TOP 10,2022,09,,1,Michna: Česká mariánská muzika - Lilium mezi trním,H. Blažíková/Collegium Marianum,H. Blažíková,Supraphon
8188,CZ - ALBUMS CLASSICAL - TOP 10,2022,09,,2,Kabeláč: Mysterium času,M. Sekera / Sočr / M. Ivanovič,M. Sekera,Supraphon
8189,CZ - ALBUMS CLASSICAL - TOP 10,2022,09,,3,Mysliveček: Houslové koncerty - komplet,Různí,Různí,Supraphon
8190,CZ - ALBUMS CLASSICAL - TOP 10,2022,09,,4,Dvořák: Kompletní klavírní dílo,Ivo Kahánek,Ivo Kahánek,Supraphon
8191,CZ - ALBUMS CLASSICAL - TOP 10,2022,09,,5,Brahms: Kvintety op. 34 & 111,Pavel Haas Quartet & B. Giltburg & P. Nikl,Pavel Haas Quartet,Supraphon
8192,CZ - ALBUMS CLASSICAL - TOP 10,2022,09,,6,Má vlast - Bedřich Smetana,Pkf/Jakub Hrůša,Pkf,Supraphon
8193,CZ - ALBUMS CLASSICAL - TOP 10,2022,09,,7,Má vlast,Čf/Kubelík,Čf,Supraphon
8194,CZ - ALBUMS CLASSICAL - TOP 10,2022,09,,8,"Cesty / Janáček, Martinů, Schulhoff, Klein",Josef Špaček/Tomáš Jamník,Josef Špaček,Supraphon
8195,CZ - ALBUMS CLASSICAL - TOP 10,2022,09,,9,Cachua Serranita,Collegium Marianum/J.Semerádová,Collegium Marianum,Supraphon
8196,CZ - ALBUMS CLASSICAL - TOP 10,2022,09,,10,"Martinů: Fresky, Paraboly, Rytiny",Sočr/Netopil,Sočr,Supraphon
8197,CZ - ALBUMS CLASSICAL - TOP 10,2022,10,,1,Mysliveček: Houslové koncerty - komplet,Různí,Různí,Supraphon
8198,CZ - ALBUMS CLASSICAL - TOP 10,2022,10,,2,Beneš: Kompletní smyčcové kvartety,Kvarteto Martinů,Kvarteto Martinů,Supraphon
8199,CZ - ALBUMS CLASSICAL - TOP 10,2022,10,,3,Gustav Mahler: Symphony No. 5,Čf/Byčkov,Čf,Pentatone
8200,CZ - ALBUMS CLASSICAL - TOP 10,2022,10,,4,Brahms: Kvintety op. 34 & 111,Pavel Haas Quartet & B. Giltburg & P. Nikl,Pavel Haas Quartet,Supraphon
8201,CZ - ALBUMS CLASSICAL - TOP 10,2022,10,,5,Dvořák: Kompletní klavírní dílo,Ivo Kahánek,Ivo Kahánek,Supraphon
8202,CZ - ALBUMS CLASSICAL - TOP 10,2022,10,,6,Insieme - Opera Duets,Jonas Kaufmann & Ludovic Tézier,Jonas Kaufmann,Sony Music
8203,CZ - ALBUMS CLASSICAL - TOP 10,2022,10,,7,Michna: Česká mariánská muzika - Lilium mezi trním,H. Blažíková/Collegium Marianum,H. Blažíková,Supraphon
8204,CZ - ALBUMS CLASSICAL - TOP 10,2022,10,,8,A. Dvořák - Rusalka - opera,Různí,Různí,Supraphon
8205,CZ - ALBUMS CLASSICAL - TOP 10,2022,10,,9,Tůma: Requiem,Czech Ensemble Baroque Choir/R. Válek,Czech Ensemble Baroque Choir,Supraphon
8206,CZ - ALBUMS CLASSICAL - TOP 10,2022,10,,10,Way of Life,Jaroslav Svěcený,Jaroslav Svěcený,Bon Art Music
8207,CZ - ALBUMS CLASSICAL - TOP 10,2022,11,,1,Christmas Album,Veverka/Janečková/Ultimate W Band,Veverka,Supraphon
8208,CZ - ALBUMS CLASSICAL - TOP 10,2022,11,,2,"Tůma:Te Deum, Sinfonia ex C, Missa Veni Pater ...",Czech Ensemble Baroque,Czech Ensemble Baroque,Supraphon
8209,CZ - ALBUMS CLASSICAL - TOP 10,2022,11,,3,Mysliveček: Houslové koncerty - komplet,Různí,Různí,Supraphon
8210,CZ - ALBUMS CLASSICAL - TOP 10,2022,11,,4,"Mozart,Salieri: Molieri (Mozart and Salieri Arias)",Adam Plachetka/Czech Ensemble Baroque Orchestra,Adam Plachetka,Pentatone
8211,CZ - ALBUMS CLASSICAL - TOP 10,2022,11,,5,Cachua Serranita,Collegium Marianum/J.Semerádová,Collegium Marianum,Supraphon
8212,CZ - ALBUMS CLASSICAL - TOP 10,2022,11,,6,Dvořák: Kompletní klavírní dílo,Ivo Kahánek,Ivo Kahánek,Supraphon
8213,CZ - ALBUMS CLASSICAL - TOP 10,2022,11,,7,Score,2Cellos,2Cellos,Sony Music
8214,CZ - ALBUMS CLASSICAL - TOP 10,2022,11,,8,"Smetana, B. Vltava / Dvořák, A. Symfonie č. 9 e mo",Čf/Ančerl,Čf,Supraphon
8215,CZ - ALBUMS CLASSICAL - TOP 10,2022,11,,9,"Mysliveček: Hobojové kvintety, Smyčcové kvartety",Doležalovo Kvarteto/M.Hrabánková,Doležalovo Kvarteto,Supraphon
8216,CZ - ALBUMS CLASSICAL - TOP 10,2022,11,,10,Česká barokní vánoční hudba,Musica Antiqua Praha,Musica Antiqua Praha,Supraphon
8217,CZ - ALBUMS CLASSICAL - TOP 10,2022,12,,1,Christmas Album,Veverka/Janečková/Ultimate W Band,Veverka,Supraphon
8218,CZ - ALBUMS CLASSICAL - TOP 10,2022,12,,2,Cesta světla/České a moravs.koledy a zpěvy vánoční,Orchestr Lidových Nástrojů Vus Ondráš/J.Slavík,Orchestr Lidových Nástrojů Vus Ondráš,Supraphon
8219,CZ - ALBUMS CLASSICAL - TOP 10,2022,12,,3,"Mozart,Salieri: Molieri (Mozart and Salieri Arias)",Adam Plachetka/Czech Ensemble Baroque Orchestra,Adam Plachetka,Pentatone
8220,CZ - ALBUMS CLASSICAL - TOP 10,2022,12,,4,Mysliveček: Houslové koncerty - komplet,Různí,Různí,Supraphon
8221,CZ - ALBUMS CLASSICAL - TOP 10,2022,12,,5,"Mozart pro lepší učení, koncentraci a paměť",Různí,Různí,Supraphon
8222,CZ - ALBUMS CLASSICAL - TOP 10,2022,12,,6,Klasika pro lepší spánek,Různí,Různí,Supraphon
8223,CZ - ALBUMS CLASSICAL - TOP 10,2022,12,,7,Rorate coeli / Advent a Vánoce v barokní Praze,Collegium Marianum/J.Semerádová,Collegium Marianum,Supraphon
8224,CZ - ALBUMS CLASSICAL - TOP 10,2022,12,,8,Best of Classics,Různí,Různí,Supraphon
8225,CZ - ALBUMS CLASSICAL - TOP 10,2022,12,,9,Dvořák: Kompletní klavírní dílo,Ivo Kahánek,Ivo Kahánek,Supraphon
8226,CZ - ALBUMS CLASSICAL - TOP 10,2022,12,,10,Česká barokní vánoční hudba,Musica Antiqua Praha,Musica Antiqua Praha,Supraphon
8721,CZ - ALBUMS CLASSICAL - TOP 10,2023,01,,1,"Mozart,Salieri: Molieri (Mozart and Salieri Arias)",Adam Plachetka/Czech Ensemble Baroque Orchestra,Adam Plachetka,Pentatone
8722,CZ - ALBUMS CLASSICAL - TOP 10,2023,01,,2,Live 1939 - Smetana - Má vlast,Talich Václav/Česká Filharmonie,Talich Václav,Supraphon
8723,CZ - ALBUMS CLASSICAL - TOP 10,2023,01,,3,Musici da camera. Hudba Prahy 18. století,Collegium Marianum/J.Semerádová,Collegium Marianum,Supraphon
8724,CZ - ALBUMS CLASSICAL - TOP 10,2023,01,,4,Dvořák: Symfonie č. 9 e moll - Z Nového světa,Čf/Neumann,Čf,Supraphon
8725,CZ - ALBUMS CLASSICAL - TOP 10,2023,01,,5,Dvořák: Kompletní klavírní dílo,Ivo Kahánek,Ivo Kahánek,Supraphon
8726,CZ - ALBUMS CLASSICAL - TOP 10,2023,01,,6,Nejkrásnější vánoční koledy,Bambini Di Praga/Bohumil Kulínský Ml.,Bambini Di Praga,Supraphon
8727,CZ - ALBUMS CLASSICAL - TOP 10,2023,01,,7,Rorate coeli / Advent a Vánoce v barokní Praze,Collegium Marianum/J.Semerádová,Collegium Marianum,Supraphon
8728,CZ - ALBUMS CLASSICAL - TOP 10,2023,01,,8,"Tůma:Te Deum, Sinfonia ex C, Missa Veni Pater ...",Czech Ensemble Baroque,Czech Ensemble Baroque,Supraphon
8729,CZ - ALBUMS CLASSICAL - TOP 10,2023,01,,9,Smetana - Má vlast,Čf/Neumann,Čf,Supraphon
8730,CZ - ALBUMS CLASSICAL - TOP 10,2023,01,,10,Perličky české klasické hudby,Čf/Neumann,Čf,Supraphon
8731,CZ - ALBUMS CLASSICAL - TOP 10,2023,02,,1,"Mozart,Salieri: Molieri (Mozart and Salieri Arias)",Adam Plachetka/Czech Ensemble Baroque Orchestra,Adam Plachetka,Pentatone
8732,CZ - ALBUMS CLASSICAL - TOP 10,2023,02,,2,Smetana - Má vlast,Čf/Neumann,Čf,Supraphon
8733,CZ - ALBUMS CLASSICAL - TOP 10,2023,02,,3,Cachua Serranita,Collegium Marianum/J.Semerádová,Collegium Marianum,Supraphon
8734,CZ - ALBUMS CLASSICAL - TOP 10,2023,02,,4,Mysliveček: Houslové koncerty - komplet,Různí,Různí,Supraphon
8735,CZ - ALBUMS CLASSICAL - TOP 10,2023,02,,5,Kabeláč: Mysterium času,Sočr/Ivanovič,Sočr,Supraphon
8736,CZ - ALBUMS CLASSICAL - TOP 10,2023,02,,6,Michna: Česká mariánská muzika - Lilium mezi trním,H. Blažíková/Collegium Marianum,H. Blažíková,Supraphon
8737,CZ - ALBUMS CLASSICAL - TOP 10,2023,02,,7,50 Great Tracks,Luciano Pavarotti,Luciano Pavarotti,Universal Music
8738,CZ - ALBUMS CLASSICAL - TOP 10,2023,02,,8,Antonín Dvořák - Rusalka   DVD,Orchestr Nd/Chalabala,Orchestr Nd,Supraphon
8739,CZ - ALBUMS CLASSICAL - TOP 10,2023,02,,9,Gipsy Fire,Pavel Šporcl,Pavel Šporcl,Supraphon
8740,CZ - ALBUMS CLASSICAL - TOP 10,2023,02,,10,Vivaldi: Čtvero ročních dob,V.Hudeček/Virtuosi Di Praga/P.Kogan,V.Hudeček,Supraphon
8741,CZ - ALBUMS CLASSICAL - TOP 10,2023,03,,1,Prague Classics / Musical Souvenir from Prague,Různí,Různí,Supraphon
8742,CZ - ALBUMS CLASSICAL - TOP 10,2023,03,,2,"Kabeláč:Osm preludií pro klavír, Cizokrajné motivy",Jan Bartoš,Jan Bartoš,Supraphon
8743,CZ - ALBUMS CLASSICAL - TOP 10,2023,03,,3,A. Dvořák - Symfonie č. 6-9 - Z Nového světa,Berliner Philharmoniker/R. Kubelík,Berliner Philharmoniker,Universal Music
8744,CZ - ALBUMS CLASSICAL - TOP 10,2023,03,,4,"Mysliveček: Hobojové kvintety, Smyčcové kvartety",Doležalovo Kvarteto/M.Hrabánková,Doležalovo Kvarteto,Supraphon
8745,CZ - ALBUMS CLASSICAL - TOP 10,2023,03,,5,Smetana - Má vlast,Čf/Neumann,Čf,Supraphon
8746,CZ - ALBUMS CLASSICAL - TOP 10,2023,03,,6,Mysliveček: Houslové koncerty - komplet,Různí,Různí,Supraphon
8747,CZ - ALBUMS CLASSICAL - TOP 10,2023,03,,7,Má vlast,Čf/Kubelík,Čf,Supraphon
8748,CZ - ALBUMS CLASSICAL - TOP 10,2023,03,,8,Dvořák: Kompletní klavírní dílo,Ivo Kahánek,Ivo Kahánek,Supraphon
8749,CZ - ALBUMS CLASSICAL - TOP 10,2023,03,,9,Best of Classics,Různí,Různí,Supraphon
8750,CZ - ALBUMS CLASSICAL - TOP 10,2023,03,,10,Mysliveček: Sinfonie,Pražský Komorní Orchestr,Pražský Komorní Orchestr,Supraphon
8751,CZ - ALBUMS CLASSICAL - TOP 10,2023,04,,1,Rachmaninov: Klavírní koncerty (komplet),Symfonický Orchestr Hl.M. Prahy Fok/L.Vondráček,Symfonický Orchestr Hl.M. Prahy Fok,Supraphon
8752,CZ - ALBUMS CLASSICAL - TOP 10,2023,04,,2,Ysaye: Šest sonát pro sólové housle,Daniel Matejča,Daniel Matejča,Supraphon
8753,CZ - ALBUMS CLASSICAL - TOP 10,2023,04,,3,Happy Days,André Rieu,André Rieu,Universal Music
8754,CZ - ALBUMS CLASSICAL - TOP 10,2023,04,,4,Baroque Music in Prague,Musica Antiqua Praha,Musica Antiqua Praha,Supraphon
8755,CZ - ALBUMS CLASSICAL - TOP 10,2023,04,,5,"Dvořák-Novosvětská, Smetana - Vltava",Čf/Neumann,Čf,Supraphon
8756,CZ - ALBUMS CLASSICAL - TOP 10,2023,04,,6,Mahler: Symphony No. 2,Čf/Semjon Byčkov,Čf,Pentatone
8757,CZ - ALBUMS CLASSICAL - TOP 10,2023,04,,7,Best Of Smetana,Různí,Různí,Supraphon
8758,CZ - ALBUMS CLASSICAL - TOP 10,2023,04,,8,Kabeláč: Mysterium času,M. Sekera / Sočr / M. Ivanovič,M. Sekera,Supraphon
8759,CZ - ALBUMS CLASSICAL - TOP 10,2023,04,,9,P.Eben / J. A.Komenský: Labyrint světa a ráj srdce,Petr Eben,Petr Eben,Fermáta
8760,CZ - ALBUMS CLASSICAL - TOP 10,2023,04,,10,České zpěvy vánoční,Musica Bohemica,Musica Bohemica,Supraphon
8761,CZ - ALBUMS CLASSICAL - TOP 10,2023,05,,1,Ysaye: Šest sonát pro sólové housle,Daniel Matejča,Daniel Matejča,Supraphon
8762,CZ - ALBUMS CLASSICAL - TOP 10,2023,05,,2,Baroque Music in Prague,Musica Antiqua Praha,Musica Antiqua Praha,Supraphon
8763,CZ - ALBUMS CLASSICAL - TOP 10,2023,05,,3,Rachmaninov: Klavírní koncerty (komplet),Symfonický Orchestr Hl.M. Prahy Fok/L.Vondráček,Symfonický Orchestr Hl.M. Prahy Fok,Supraphon
8764,CZ - ALBUMS CLASSICAL - TOP 10,2023,05,,4,Mahler: Symphony No. 2,Čf/Semjon Byčkov,Čf,Pentatone
8765,CZ - ALBUMS CLASSICAL - TOP 10,2023,05,,5,Jistebnický kancionál,Tiburtina Ensemble,Tiburtina Ensemble,Supraphon
8766,CZ - ALBUMS CLASSICAL - TOP 10,2023,05,,6,Kabeláč: Mysterium času,M. Sekera / Sočr / M. Ivanovič,M. Sekera,Supraphon
8767,CZ - ALBUMS CLASSICAL - TOP 10,2023,05,,7,"Mozart,Salieri: Molieri (Mozart and Salieri Arias)",Adam Plachetka/Czech Ensemble Baroque Orchestra,Adam Plachetka,Pentatone
8768,CZ - ALBUMS CLASSICAL - TOP 10,2023,05,,8,Dvořák: Symfonie č. 9 e moll - Z Nového světa,Čf/Neumann,Čf,Supraphon
8769,CZ - ALBUMS CLASSICAL - TOP 10,2023,05,,9,Brahms: Kvintety op. 34 & 111,Pavel Haas Quartet & B. Giltburg & P. Nikl,Pavel Haas Quartet,Supraphon
8770,CZ - ALBUMS CLASSICAL - TOP 10,2023,05,,10,Best of Classics,Různí,Různí,Supraphon
8771,CZ - ALBUMS CLASSICAL - TOP 10,2023,06,,1,Best Of Dvořák,Různí,Různí,Supraphon
8772,CZ - ALBUMS CLASSICAL - TOP 10,2023,06,,2,Rachmaninov: Klavírní koncerty (komplet),Symfonický Orchestr Hl.M. Prahy Fok/L.Vondráček,Symfonický Orchestr Hl.M. Prahy Fok,Supraphon
8773,CZ - ALBUMS CLASSICAL - TOP 10,2023,06,,3,Dvořák v Americe,Různí,Různí,Supraphon
8774,CZ - ALBUMS CLASSICAL - TOP 10,2023,06,,4,Dvořák: Slovanské tance,Ústřední Hudba Armády České Republiky/V. Válek,Ústřední Hudba Armády České Republiky,Musicvars
8775,CZ - ALBUMS CLASSICAL - TOP 10,2023,06,,5,Baroque Music in Prague,Musica Antiqua Praha,Musica Antiqua Praha,Supraphon
8776,CZ - ALBUMS CLASSICAL - TOP 10,2023,06,,6,Ysaye: Šest sonát pro sólové housle,Daniel Matejča,Daniel Matejča,Supraphon
8777,CZ - ALBUMS CLASSICAL - TOP 10,2023,06,,7,Michna: Česká mariánská muzika - Lilium mezi trním,Hana Blažíková / Collegium Marianum,Hana Blažíková,Supraphon
8778,CZ - ALBUMS CLASSICAL - TOP 10,2023,06,,8,"Mozart,Salieri: Molieri (Mozart and Salieri Arias)",Adam Plachetka/Czech Ensemble Baroque Orchestra,Adam Plachetka,Pentatone
8779,CZ - ALBUMS CLASSICAL - TOP 10,2023,06,,9,Smetana - Má vlast,Čf/Neumann,Čf,Supraphon
8780,CZ - ALBUMS CLASSICAL - TOP 10,2023,06,,10,Best Of Smetana,Různí,Různí,Supraphon
8781,CZ - ALBUMS CLASSICAL - TOP 10,2023,07,,1,"Dvořák: Te Deum, Mše D dur, Biblické písně",Symfonický Orchestr Hl.M. Prahy Fok/V. Smetáček,Symfonický Orchestr Hl.M. Prahy Fok,Supraphon
8782,CZ - ALBUMS CLASSICAL - TOP 10,2023,07,,2,Il Boemo,Různí,Různí,Warner Music
8783,CZ - ALBUMS CLASSICAL - TOP 10,2023,07,,3,Baroque Music in Prague,Musica Antiqua Praha,Musica Antiqua Praha,Supraphon
8784,CZ - ALBUMS CLASSICAL - TOP 10,2023,07,,4,Kabeláč: Mysterium času,Sočr/Ivanovič,Sočr,Supraphon
8785,CZ - ALBUMS CLASSICAL - TOP 10,2023,07,,5,Prague Classics / Musical Souvenir from Prague,Různí,Různí,Supraphon
8786,CZ - ALBUMS CLASSICAL - TOP 10,2023,07,,6,Arias,Adam Plachetka,Adam Plachetka,Radioservis
8787,CZ - ALBUMS CLASSICAL - TOP 10,2023,07,,7,Týden nové tvorby 1970,Bohumír Rabas,Bohumír Rabas,Supraphon
8788,CZ - ALBUMS CLASSICAL - TOP 10,2023,07,,8,"Dvořák-Novosvětská, Smetana - Vltava",Čf/Neumann,Čf,Supraphon
8789,CZ - ALBUMS CLASSICAL - TOP 10,2023,07,,9,Ysaye: Šest sonát pro sólové housle,Daniel Matejča,Daniel Matejča,Supraphon
8790,CZ - ALBUMS CLASSICAL - TOP 10,2023,07,,10,"Orchestrální dílo I/L.Janáček (Lašské tance,Suita)",Filharmonie Brno/Jílek,Filharmonie Brno,Supraphon
8791,CZ - ALBUMS CLASSICAL - TOP 10,2023,08,,1,The Many Passions of Leoš Janáček,Různí,Různí,Supraphon
8792,CZ - ALBUMS CLASSICAL - TOP 10,2023,08,,2,"Dvořák: Te Deum, Mše D dur, Biblické písně",Symfonický Orchestr Hl.M. Prahy Fok/V. Smetáček,Symfonický Orchestr Hl.M. Prahy Fok,Supraphon
8793,CZ - ALBUMS CLASSICAL - TOP 10,2023,08,,3,Il Boemo,Různí,Různí,Warner Music
8794,CZ - ALBUMS CLASSICAL - TOP 10,2023,08,,4,A. Dvořák - Symfonie č. 6-9 - Z Nového světa,Berliner Philharmoniker/R. Kubelík,Berliner Philharmoniker,Universal Music
8795,CZ - ALBUMS CLASSICAL - TOP 10,2023,08,,5,Dvořák: Symfonie č. 9 e moll - Z Nového světa,Čf/Neumann,Čf,Supraphon
8796,CZ - ALBUMS CLASSICAL - TOP 10,2023,08,,6,"Kabeláč:Osm preludií pro klavír, Cizokrajné motivy",Jan Bartoš,Jan Bartoš,Supraphon
8797,CZ - ALBUMS CLASSICAL - TOP 10,2023,08,,7,Baroque Music in Prague,Musica Antiqua Praha,Musica Antiqua Praha,Supraphon
8798,CZ - ALBUMS CLASSICAL - TOP 10,2023,08,,8,Smetana - Má vlast,Čf/Neumann,Čf,Supraphon
8799,CZ - ALBUMS CLASSICAL - TOP 10,2023,08,,9,České a moravské barokní varhany III,Jiří Reinberger,Jiří Reinberger,Supraphon
8800,CZ - ALBUMS CLASSICAL - TOP 10,2023,08,,10,Brahms: Kvintety op. 34 & 111,Pavel Haas Quartet & B. Giltburg & P. Nikl,Pavel Haas Quartet,Supraphon
8801,CZ - ALBUMS CLASSICAL - TOP 10,2023,09,,1,Martinů: Koncert pro housle a klavír,"Josef Špaček, Miroslav Sekera, Sočr","Josef Špaček, Miroslav Sekera, Sočr",Supraphon
8802,CZ - ALBUMS CLASSICAL - TOP 10,2023,09,,2,Dvořák: Klavírní tria - komplet,Giltburg/Jarůšková/Jarůšek,Giltburg,Supraphon
8803,CZ - ALBUMS CLASSICAL - TOP 10,2023,09,,3,Il Boemo,Různí,Různí,Warner Music
8804,CZ - ALBUMS CLASSICAL - TOP 10,2023,09,,4,Rachmaninov: Klavírní koncerty (komplet),Symfonický Orchestr Hl.M. Prahy Fok/L.Vondráček,Symfonický Orchestr Hl.M. Prahy Fok,Supraphon
8805,CZ - ALBUMS CLASSICAL - TOP 10,2023,09,,5,Michna: Loutna česká,Musica Bohemica,Musica Bohemica,Supraphon
8806,CZ - ALBUMS CLASSICAL - TOP 10,2023,09,,6,Live 1939 - Smetana - Má vlast,Talich Václav/Česká Filharmonie,Talich Václav,Supraphon
8807,CZ - ALBUMS CLASSICAL - TOP 10,2023,09,,7,Má vlast,Čf/Kubelík,Čf,Supraphon
8808,CZ - ALBUMS CLASSICAL - TOP 10,2023,09,,8,"Kabeláč:Osm preludií pro klavír, Cizokrajné motivy",Jan Bartoš,Jan Bartoš,Supraphon
8809,CZ - ALBUMS CLASSICAL - TOP 10,2023,09,,9,Best Of Czech Classics,Česká Filharmonie,Česká Filharmonie,Supraphon
8810,CZ - ALBUMS CLASSICAL - TOP 10,2023,09,,10,Smetana - Má vlast,Čf/Neumann,Čf,Supraphon
8811,CZ - ALBUMS CLASSICAL - TOP 10,2023,10,,1,Patrícia Janečková,Patrícia Janečková,Patrícia Janečková,Bontonfilm
8812,CZ - ALBUMS CLASSICAL - TOP 10,2023,10,,2,Dvořák: Klavírní tria - komplet,Giltburg/Jarůšková/Jarůšek,Giltburg,Supraphon
8813,CZ - ALBUMS CLASSICAL - TOP 10,2023,10,,3,"Bartók, Berio, Ravel, Montsalvatge: Folk Songs",M. Kožená / Čf / S. Rattle,M. Kožená,Pentatone
8814,CZ - ALBUMS CLASSICAL - TOP 10,2023,10,,4,J.S. Bach: Goldberg Variations,Víkingur Ólafsson,Víkingur Ólafsson,Deutsche Grammophon
8815,CZ - ALBUMS CLASSICAL - TOP 10,2023,10,,5,Christmas Album,Veverka/Janečková/Ultimate W Band,Veverka,Supraphon
8816,CZ - ALBUMS CLASSICAL - TOP 10,2023,10,,6,Dvořák: Kompletní klavírní dílo,Ivo Kahánek,Ivo Kahánek,Supraphon
8817,CZ - ALBUMS CLASSICAL - TOP 10,2023,10,,7,Christmas On The Blue Violin,Pavel Šporcl,Pavel Šporcl,Universal Music
8818,CZ - ALBUMS CLASSICAL - TOP 10,2023,10,,8,Smetana - Má vlast,Čf/Neumann,Čf,Supraphon
8819,CZ - ALBUMS CLASSICAL - TOP 10,2023,10,,9,Antonín Dvořák - Slovanské tance,Čf/Neumann,Čf,Supraphon
8820,CZ - ALBUMS CLASSICAL - TOP 10,2023,10,,10,Dvořák: Symfonie č. 9 e moll - Z Nového světa,Čf/Neumann,Čf,Supraphon
